-- Hecho por Renato Izquierdo, Kevin Olivares y Dominique Teillier.
INSERT INTO OUTLET_Producto(Codigo_Producto, Tipo_Producto, Nombre_Producto, Stock, Precio_Unitario, Color_Producto) 
    VALUES(1, 'Faldon', 'Faldon Palermo 2Plazas Blanco', 9, 12000, 'Blanco');
INSERT INTO OUTLET_Producto(Codigo_Producto, Tipo_Producto, Nombre_Producto, Stock, Precio_Unitario, Color_Producto) 
    VALUES(2, 'Cortina', 'Cortina Doral 140 x 220 England Preston', 1, 14000, 'Verde Oscuro');
INSERT INTO OUTLET_Producto(Codigo_Producto, Tipo_Producto, Nombre_Producto, Stock, Precio_Unitario, Color_Producto) 
    VALUES(3, 'Cortina ', 'Cortina Doral 140 x 220 England Newcastle', 1, 14000, 'Gris Azulado');
INSERT INTO OUTLET_Producto(Codigo_Producto, Tipo_Producto, Nombre_Producto, Stock, Precio_Unitario, Color_Producto) 
    VALUES(4, 'Cortina ', 'Cortina Doral 140 x 220 England Newcastle', 1, 14000, 'Gris Oscuro');
INSERT INTO OUTLET_Producto(Codigo_Producto, Tipo_Producto, Nombre_Producto, Stock, Precio_Unitario, Color_Producto) 
    VALUES(5, 'Cortina', 'Cortina Doral 140 x 220 England Preston', 1, 14000, 'Gris');
INSERT INTO OUTLET_Producto(Codigo_Producto, Tipo_Producto, Nombre_Producto, Stock, Precio_Unitario, Color_Producto) 
    VALUES(6, 'Cortina', 'Cortina Doral 140 x 220 England Newcastle', 2, 14000, 'Verde Palta');
INSERT INTO OUTLET_Producto(Codigo_Producto, Tipo_Producto, Nombre_Producto, Stock, Precio_Unitario, Color_Producto) 
    VALUES(7, 'Sabanas', 'Juego de sabanas ninos Mickey Mouse 1.5plaza', 19, 16000, 'Diseno');
INSERT INTO OUTLET_Producto(Codigo_Producto, Tipo_Producto, Nombre_Producto, Stock, Precio_Unitario, Color_Producto) 
    VALUES(8, 'Sabanas', 'Juego de sabanas ninos Avengers 1.5plaza', 1, 16000, 'Diseno');
INSERT INTO OUTLET_Producto(Codigo_Producto, Tipo_Producto, Nombre_Producto, Stock, Precio_Unitario, Color_Producto) 
    VALUES(9, 'Sabanas', 'Juego de sabanas ninos Spider-Man 1.5plaza', 4, 16000, 'Diseno');
INSERT INTO OUTLET_Producto(Codigo_Producto, Tipo_Producto, Nombre_Producto, Stock, Precio_Unitario, Color_Producto) 
    VALUES(10, 'Sabanas', 'Juego de sabanas ninos Dragon Ball Super 1.5plaza', 1, 16000, 'Diseno');
INSERT INTO OUTLET_Producto(Codigo_Producto, Tipo_Producto, Nombre_Producto, Stock, Precio_Unitario, Color_Producto) 
    VALUES(11, 'Sabanas', 'Juego de sabanas ninos Colo Colo 1.5plaza', 3, 16000, 'Diseno');
INSERT INTO OUTLET_Producto(Codigo_Producto, Tipo_Producto, Nombre_Producto, Stock, Precio_Unitario, Color_Producto) 
    VALUES(12, 'Sabanas', 'Juego de sabanas ninos PJMASKS 1.5plaza', 1, 16000, 'Diseno');
INSERT INTO OUTLET_Producto(Codigo_Producto, Tipo_Producto, Nombre_Producto, Stock, Precio_Unitario, Color_Producto) 
    VALUES(13, 'Visillo', 'Cortina Velo Palermo 140x225', 5, 12000, 'Blanco');
INSERT INTO OUTLET_Producto(Codigo_Producto, Tipo_Producto, Nombre_Producto, Stock, Precio_Unitario, Color_Producto) 
    VALUES(14, 'Visillo', 'Cortina Top Lucky 140x230', 4, 12000, 'Rosado');
INSERT INTO OUTLET_Producto(Codigo_Producto, Tipo_Producto, Nombre_Producto, Stock, Precio_Unitario, Color_Producto) 
    VALUES(15, 'Cortina ', 'Cortina Doral Aradi 140x220 Aradi Siddharta', 1, 14000, 'Rosado Oscuro');
INSERT INTO OUTLET_Producto(Codigo_Producto, Tipo_Producto, Nombre_Producto, Stock, Precio_Unitario, Color_Producto) 
    VALUES(16, 'Cortina', 'Cortina Doral 140x220 Aradi Siddharta ', 1, 14000, 'Cafe Oscuro');
INSERT INTO OUTLET_Producto(Codigo_Producto, Tipo_Producto, Nombre_Producto, Stock, Precio_Unitario, Color_Producto) 
    VALUES(17, 'Cortina', 'Cortina Doral 140x220 Victoria ', 1, 14000, 'Chocolate');
INSERT INTO OUTLET_Producto(Codigo_Producto, Tipo_Producto, Nombre_Producto, Stock, Precio_Unitario, Color_Producto)
    VALUES(18, 'Cortina', 'Cortina Jovial 140x220 ', 4, 16000, 'Celeste');
INSERT INTO OUTLET_Producto(Codigo_Producto, Tipo_Producto, Nombre_Producto, Stock, Precio_Unitario, Color_Producto)
    VALUES(19, 'Cortina ', 'Cortina Doral 140x220 Presilla', 6, 16000, 'Fucsia ');
INSERT INTO OUTLET_Producto(Codigo_Producto, Tipo_Producto, Nombre_Producto, Stock, Precio_Unitario, Color_Producto)
    VALUES(20, 'Cortina ', 'Cortina Mashini 145x220 Diana 4 panos Presilla', 1, 16000, 'Beige');
INSERT INTO OUTLET_Producto(Codigo_Producto, Tipo_Producto, Nombre_Producto, Stock, Precio_Unitario, Color_Producto)
    VALUES(21, 'Cortina ', 'Cortina Doral 140x220 Singapur Siddharta ', 1, 16000, 'Cafe Claro');
INSERT INTO OUTLET_Producto(Codigo_Producto, Tipo_Producto, Nombre_Producto, Stock, Precio_Unitario, Color_Producto)
    VALUES(22, 'Cortina ', 'Cortina Mashini 140x220 Ébano Presillas', 1, 16000, 'Verde Palta');
INSERT INTO OUTLET_Producto(Codigo_Producto, Tipo_Producto, Nombre_Producto, Stock, Precio_Unitario, Color_Producto)
    VALUES(23, 'Cortina ', 'Cortina Doral 140x220 Argolla & Velos 4 panos ', 1, 16000, 'Verde Claro');
INSERT INTO OUTLET_Producto(Codigo_Producto, Tipo_Producto, Nombre_Producto, Stock, Precio_Unitario, Color_Producto)
    VALUES(24, 'Cortina ', 'Cortina Doral 140x220 Agatha 4 panos', 1, 16000, 'Verde Claro');
INSERT INTO OUTLET_Producto(Codigo_Producto, Tipo_Producto, Nombre_Producto, Stock, Precio_Unitario, Color_Producto)
    VALUES(25, 'Cortina ', 'Cortina Doral 140x220 Argolla & Velos 4 panos ', 1, 16000, 'Fucsia ');
INSERT INTO OUTLET_Producto(Codigo_Producto, Tipo_Producto, Nombre_Producto, Stock, Precio_Unitario, Color_Producto)
    VALUES(26, 'Cortina ', 'Cortina Sin Marca 2 Panos', 2, 16000, 'Morado');
INSERT INTO OUTLET_Producto(Codigo_Producto, Tipo_Producto, Nombre_Producto, Stock, Precio_Unitario, Color_Producto)
    VALUES(27, 'Cortina ', 'Cortina Sin Marca 2 Panos', 1, 16000, 'Lila');
INSERT INTO OUTLET_Producto(Codigo_Producto, Tipo_Producto, Nombre_Producto, Stock, Precio_Unitario, Color_Producto)
    VALUES(28, 'Cortina', 'Cortina Jovial 140x220 ', 2, 16000, 'Rojo');
INSERT INTO OUTLET_Producto(Codigo_Producto, Tipo_Producto, Nombre_Producto, Stock, Precio_Unitario, Color_Producto)
    VALUES(29, 'Cortina ', 'Cortina Doral 140 x 220 Tubo y Velos 4 Panos', 1, 16000, 'Naranja');
INSERT INTO OUTLET_Producto(Codigo_Producto, Tipo_Producto, Nombre_Producto, Stock, Precio_Unitario, Color_Producto)
    VALUES(30, 'Cortina ', 'Cortina Doral 140x220 Tubo y Velos 2 punos', 1, 12000, 'Naranja');
INSERT INTO OUTLET_Producto(Codigo_Producto, Tipo_Producto, Nombre_Producto, Stock, Precio_Unitario, Color_Producto)
    VALUES(31, 'Cortina ', 'Cortina Sin Marca 2 Panos', 1, 16000, 'Mostaza');
INSERT INTO OUTLET_Producto(Codigo_Producto, Tipo_Producto, Nombre_Producto, Stock, Precio_Unitario, Color_Producto)
    VALUES(32, 'Cortina ', 'Cortina Chantilly 140x220 ', 1, 16000, 'Mostaza');
INSERT INTO OUTLET_Producto(Codigo_Producto, Tipo_Producto, Nombre_Producto, Stock, Precio_Unitario, Color_Producto)
    VALUES(33, 'Cortina', 'Cortina Doral 140x220 Victoria 4 Panos', 4, 24000, 'Rojo');
INSERT INTO OUTLET_Producto(Codigo_Producto, Tipo_Producto, Nombre_Producto, Stock, Precio_Unitario, Color_Producto)
    VALUES(34, 'Cortina ', 'Cortina Doral 140x220 Isidora 4 Panos', 7, 24000, 'Terracota');
INSERT INTO OUTLET_Producto(Codigo_Producto, Tipo_Producto, Nombre_Producto, Stock, Precio_Unitario, Color_Producto)
    VALUES(35, 'Cortina', 'Cortina Doral 140x220 Victoria', 2, 18000, 'Celeste');
INSERT INTO OUTLET_Producto(Codigo_Producto, Tipo_Producto, Nombre_Producto, Stock, Precio_Unitario, Color_Producto)
    VALUES(36, 'Cortina ', 'Cortina Doral 140x220 Isidora 4 panos ', 1, 24000, 'Mostaza');
INSERT INTO OUTLET_Producto(Codigo_Producto, Tipo_Producto, Nombre_Producto, Stock, Precio_Unitario, Color_Producto)
    VALUES(37, 'Cortina', 'Cortina Doral 140x220 Victoria ', 1, 18000, 'Verde');
INSERT INTO OUTLET_Producto(Codigo_Producto, Tipo_Producto, Nombre_Producto, Stock, Precio_Unitario, Color_Producto)
    VALUES(38, 'Cortina ', 'Cortina Doral 140x220 Victoria', 1, 18000, 'Morado');
INSERT INTO OUTLET_Producto(Codigo_Producto, Tipo_Producto, Nombre_Producto, Stock, Precio_Unitario, Color_Producto)
    VALUES(39, 'Cortina', 'Cortina Palermo 140x225 Sun Out 1 Pano', 1, 16000, 'Burdeo');
INSERT INTO OUTLET_Producto(Codigo_Producto, Tipo_Producto, Nombre_Producto, Stock, Precio_Unitario, Color_Producto)
    VALUES(40, 'Cortina', 'Cortina Doral 140x220 Rustico 4 Panos', 2, 22000, 'Morado');
INSERT INTO OUTLET_Producto(Codigo_Producto, Tipo_Producto, Nombre_Producto, Stock, Precio_Unitario, Color_Producto)
    VALUES(41, 'Cortina ', 'Cortina Doral 140x220 Rustico 4 Panos', 3, 22000, 'Azul');
INSERT INTO OUTLET_Producto(Codigo_Producto, Tipo_Producto, Nombre_Producto, Stock, Precio_Unitario, Color_Producto)
    VALUES(42, 'Cortina', 'Cortina Doral 140x220 Rustico 4 Panos', 1, 22000, 'Cafe');
INSERT INTO OUTLET_Producto(Codigo_Producto, Tipo_Producto, Nombre_Producto, Stock, Precio_Unitario, Color_Producto)
    VALUES(43, 'Cortina', 'Cortina Doral 140x220 Rustico 4 Panos', 1, 22000, 'Verde Limon');
INSERT INTO OUTLET_Producto(Codigo_Producto, Tipo_Producto, Nombre_Producto, Stock, Precio_Unitario, Color_Producto)
    VALUES(44, 'Cortina ', 'Cortina Doral 140x220 Emilia 4 Panos', 1, 22000, 'Morado');
INSERT INTO OUTLET_Producto(Codigo_Producto, Tipo_Producto, Nombre_Producto, Stock, Precio_Unitario, Color_Producto)
    VALUES(45, 'Cortina', 'Cortina Doral 140x220 Emilia 4 Panos', 1, 22000, 'Chocolate');
INSERT INTO OUTLET_Producto(Codigo_Producto, Tipo_Producto, Nombre_Producto, Stock, Precio_Unitario, Color_Producto)
    VALUES(46, 'Cortina', 'Cortina Doral 140x220 Camila 4 panos', 1, 22000, 'Morado');
INSERT INTO OUTLET_Producto(Codigo_Producto, Tipo_Producto, Nombre_Producto, Stock, Precio_Unitario, Color_Producto)
    VALUES(47, 'Cortina', 'Cortina Doral 140x220 Camila 4 panos', 1, 22000, 'Mostaza');
INSERT INTO OUTLET_Producto(Codigo_Producto, Tipo_Producto, Nombre_Producto, Stock, Precio_Unitario, Color_Producto)
    VALUES(48, 'Cortina ', 'Cortina Mashini 145x220 Letizia 5 Panos', 2, 20000, 'Rojo');
INSERT INTO OUTLET_Producto(Codigo_Producto, Tipo_Producto, Nombre_Producto, Stock, Precio_Unitario, Color_Producto)
    VALUES(49, 'Cortina', 'Cortina Mashini 140x200 Sun Out ', 1, 16000, 'Verde');
INSERT INTO OUTLET_Producto(Codigo_Producto, Tipo_Producto, Nombre_Producto, Stock, Precio_Unitario, Color_Producto)
    VALUES(50, 'Cortina ', 'Cortina Doral 140x220 Aurora 4 panos', 1, 16000, 'Verde');
INSERT INTO OUTLET_Producto(Codigo_Producto, Tipo_Producto, Nombre_Producto, Stock, Precio_Unitario, Color_Producto)
    VALUES(51, 'Cortina', 'Cortina Doral 140x220 Tabatha 4 Panos', 4, 18000, 'Fucsia');
INSERT INTO OUTLET_Producto(Codigo_Producto, Tipo_Producto, Nombre_Producto, Stock, Precio_Unitario, Color_Producto)
    VALUES(52, 'Cortina', 'Cortina Doran 140x220 Romantico 5 Panos', 1, 16000, 'Crema');
INSERT INTO OUTLET_Producto(Codigo_Producto, Tipo_Producto, Nombre_Producto, Stock, Precio_Unitario, Color_Producto)
    VALUES(53, 'Visillo', 'Visillo Bordado', 4, 14000, 'Calipso');
INSERT INTO OUTLET_Producto(Codigo_Producto, Tipo_Producto, Nombre_Producto, Stock, Precio_Unitario, Color_Producto)
    VALUES(54, 'Visillo', 'Visillo Bordado', 1, 14000, 'Verde Palta');
INSERT INTO OUTLET_Producto(Codigo_Producto, Tipo_Producto, Nombre_Producto, Stock, Precio_Unitario, Color_Producto)
    VALUES(55, 'Visillo', 'Visillo Bordado', 1, 14000, 'Turquesa');
INSERT INTO OUTLET_Producto(Codigo_Producto, Tipo_Producto, Nombre_Producto, Stock, Precio_Unitario, Color_Producto)
    VALUES(56, 'Visillo', 'Visillo Bordado', 2, 14000, 'Verde');
INSERT INTO OUTLET_Producto(Codigo_Producto, Tipo_Producto, Nombre_Producto, Stock, Precio_Unitario, Color_Producto)
    VALUES(57, 'Visillo', 'Visillo Bordado', 1, 14000, 'Rosado');
INSERT INTO OUTLET_Producto(Codigo_Producto, Tipo_Producto, Nombre_Producto, Stock, Precio_Unitario, Color_Producto)
    VALUES(58, 'Visillo', 'Visillo Bordado', 1, 14000, 'Azul');
INSERT INTO OUTLET_Producto(Codigo_Producto, Tipo_Producto, Nombre_Producto, Stock, Precio_Unitario, Color_Producto)
    VALUES(59, 'Visillo', 'Visillo Romantico', 1, 10000, 'Blanco');
INSERT INTO OUTLET_Producto(Codigo_Producto, Tipo_Producto, Nombre_Producto, Stock, Precio_Unitario, Color_Producto)
    VALUES(60, 'Sabanas', 'Juego de Sabanas ninos Trolls 1.5Plaza', 4, 16000, 'Diseno');
INSERT INTO OUTLET_Producto(Codigo_Producto, Tipo_Producto, Nombre_Producto, Stock, Precio_Unitario, Color_Producto)
    VALUES(61, 'Sabanas', 'Juego de Sabanas Ninos Vampirina 1.5Plaza', 2, 16000, 'Diseno');
INSERT INTO OUTLET_Producto(Codigo_Producto, Tipo_Producto, Nombre_Producto, Stock, Precio_Unitario, Color_Producto)
    VALUES(62, 'Sabanas', 'Juego de Sabanas Ninos Superman 1.5Plaza', 1, 14000, 'Diseno');
INSERT INTO OUTLET_Producto(Codigo_Producto, Tipo_Producto, Nombre_Producto, Stock, Precio_Unitario, Color_Producto)
    VALUES(63, 'Sabanas', 'Juego de Sabanas Hora de Aventura 1.5Plaza', 1, 14000, 'Diseno');
INSERT INTO OUTLET_Producto(Codigo_Producto, Tipo_Producto, Nombre_Producto, Stock, Precio_Unitario, Color_Producto)
    VALUES(64, 'Sabanas', 'Juego de Sabanas Minnie Mouse 1.5Plaza', 3, 16000, 'Diseno');
INSERT INTO OUTLET_Producto(Codigo_Producto, Tipo_Producto, Nombre_Producto, Stock, Precio_Unitario, Color_Producto)
    VALUES(65, 'Sabanas', 'Juego de Sabanas Paw  Patrol Rosado 1.5Plaza ', 1, 16000, 'Diseno');
INSERT INTO OUTLET_Producto(Codigo_Producto, Tipo_Producto, Nombre_Producto, Stock, Precio_Unitario, Color_Producto)
    VALUES(66, 'Sabanas', 'Juego de Sabanas Ultimate SpiderMan 1.5Plaza', 1, 16000, 'Diseno');
INSERT INTO OUTLET_Producto(Codigo_Producto, Tipo_Producto, Nombre_Producto, Stock, Precio_Unitario, Color_Producto)
    VALUES(67, 'Sabanas', 'Juego de Sabanas O11CE 1.5Plaza', 1, 16000, 'Diseno');
INSERT INTO OUTLET_Producto(Codigo_Producto, Tipo_Producto, Nombre_Producto, Stock, Precio_Unitario, Color_Producto)
    VALUES(68, 'Sabanas', 'Juego de Sabanas Frozen 1.5Plaza', 1, 16000, 'Diseno');
INSERT INTO OUTLET_Producto(Codigo_Producto, Tipo_Producto, Nombre_Producto, Stock, Precio_Unitario, Color_Producto)
    VALUES(69, 'Set Desayuno', 'Set Desayuno Minnie Mouse ', 1, 7000, 'Diseno');
INSERT INTO OUTLET_Producto(Codigo_Producto, Tipo_Producto, Nombre_Producto, Stock, Precio_Unitario, Color_Producto)
    VALUES(70, 'Set Playa', 'Set Playa Ninos ', 1, 7000, 'Diseno');
INSERT INTO OUTLET_Producto(Codigo_Producto, Tipo_Producto, Nombre_Producto, Stock, Precio_Unitario, Color_Producto)
    VALUES(71, 'Plumon', 'Plumon Ninos Avengers 1.5Plaza', 1, 24000, 'Diseno');
INSERT INTO OUTLET_Producto(Codigo_Producto, Tipo_Producto, Nombre_Producto, Stock, Precio_Unitario, Color_Producto)
    VALUES(72, 'Plumon', 'Plumon Ninos Mickey Mouse 1.5Plaza', 3, 24000, 'Diseno');
INSERT INTO OUTLET_Producto(Codigo_Producto, Tipo_Producto, Nombre_Producto, Stock, Precio_Unitario, Color_Producto)
    VALUES(73, 'Plumon', 'Plumon Ninos Avengers Infinity War 1.5Plaza', 1, 24000, 'Diseno');
INSERT INTO OUTLET_Producto(Codigo_Producto, Tipo_Producto, Nombre_Producto, Stock, Precio_Unitario, Color_Producto)
    VALUES(74, 'Plumon', 'Plumon Ninos Batman 1.5Plaza', 1, 24000, 'Diseno');
INSERT INTO OUTLET_Producto(Codigo_Producto, Tipo_Producto, Nombre_Producto, Stock, Precio_Unitario, Color_Producto)
    VALUES(75, 'Plumon', 'Plumon Ninos Cars 1.5Plaza', 1, 24000, 'Diseno');
INSERT INTO OUTLET_Producto(Codigo_Producto, Tipo_Producto, Nombre_Producto, Stock, Precio_Unitario, Color_Producto)
    VALUES(76, 'Plumon', 'Plumon Ninos Paw Patrol Rosado 1.5Plaza', 2, 24000, 'Diseno');
INSERT INTO OUTLET_Producto(Codigo_Producto, Tipo_Producto, Nombre_Producto, Stock, Precio_Unitario, Color_Producto)
    VALUES(77, 'Plumon', 'Plumon Ninos Paw Patrol Azul 1.5Plaza', 3, 24000, 'Diseno');
INSERT INTO OUTLET_Producto(Codigo_Producto, Tipo_Producto, Nombre_Producto, Stock, Precio_Unitario, Color_Producto)
    VALUES(78, 'Plumon', 'Plumon Ninos Mickey Blanco Mouse 1.5Plaza', 2, 24000, 'Diseno');
INSERT INTO OUTLET_Producto(Codigo_Producto, Tipo_Producto, Nombre_Producto, Stock, Precio_Unitario, Color_Producto)
    VALUES(79, 'Sabanas', 'Juego de Sabanas Ninos Star Wars 1.5Plaza', 1, 16000, 'Diseno');
INSERT INTO OUTLET_Producto(Codigo_Producto, Tipo_Producto, Nombre_Producto, Stock, Precio_Unitario, Color_Producto)
    VALUES(80, 'Plumon', 'Plumon Ninos TsumTsum 1.5Plaza', 1, 24000, 'Diseno');
INSERT INTO OUTLET_Producto(Codigo_Producto, Tipo_Producto, Nombre_Producto, Stock, Precio_Unitario, Color_Producto)
    VALUES(81, 'Plumon', 'Plumon Ninos Universidad De Chile 1.5Plaza', 1, 24000, 'Diseno');
INSERT INTO OUTLET_Producto(Codigo_Producto, Tipo_Producto, Nombre_Producto, Stock, Precio_Unitario, Color_Producto)
    VALUES(82, 'Plumon', 'Plumon Ninos Frozen 1.5Plaza', 1, 24000, 'Diseno');
INSERT INTO OUTLET_Producto(Codigo_Producto, Tipo_Producto, Nombre_Producto, Stock, Precio_Unitario, Color_Producto)
    VALUES(83, 'Plumon', 'Plumon Ninos Winnie Pooh', 1, 24000, 'Diseno');
INSERT INTO OUTLET_Producto(Codigo_Producto, Tipo_Producto, Nombre_Producto, Stock, Precio_Unitario, Color_Producto)
    VALUES(84, 'Plumon Sherpa', 'Plumon Sherpa Ninos Mickey Mouse 1.5Plaza', 1, 25000, 'Diseno');
INSERT INTO OUTLET_Producto(Codigo_Producto, Tipo_Producto, Nombre_Producto, Stock, Precio_Unitario, Color_Producto)
    VALUES(85, 'Plumon Sherpa', 'Plumon Sherpa Ninos Paw Patrol 1.5Plaza', 1, 25000, 'Diseno');
INSERT INTO OUTLET_Producto(Codigo_Producto, Tipo_Producto, Nombre_Producto, Stock, Precio_Unitario, Color_Producto)
    VALUES(86, 'Sabanas', 'Juego de Sabanas Royal Azul 144Hilos King', 2, 20000, 'Azul');
INSERT INTO OUTLET_Producto(Codigo_Producto, Tipo_Producto, Nombre_Producto, Stock, Precio_Unitario, Color_Producto)
    VALUES(87, 'Sabanas', 'Juego de Sabanas Royal Azul y Blango  144Hilos King', 2, 20000, 'Azul y Blanco');
INSERT INTO OUTLET_Producto(Codigo_Producto, Tipo_Producto, Nombre_Producto, Stock, Precio_Unitario, Color_Producto)
    VALUES(88, 'Sabanas', 'Juego de Sabanas Cannon AmericanFamily  144Hilos King', 1, 22000, 'Azul y blanco');
INSERT INTO OUTLET_Producto(Codigo_Producto, Tipo_Producto, Nombre_Producto, Stock, Precio_Unitario, Color_Producto)
    VALUES(89, 'Sabanas', 'Juego de Sabanas Cannon AmericanFamily  144Hilos King', 2, 22000, 'Negro y Blanco');
INSERT INTO OUTLET_Producto(Codigo_Producto, Tipo_Producto, Nombre_Producto, Stock, Precio_Unitario, Color_Producto)
    VALUES(90, 'Sabanas', 'Juego de Sabanas Mashini 144Hilos King', 1, 22000, 'Crema');
INSERT INTO OUTLET_Producto(Codigo_Producto, Tipo_Producto, Nombre_Producto, Stock, Precio_Unitario, Color_Producto)
    VALUES(91, 'Sabanas', 'Juego de Sabanas Mashini 144Hilos King', 2, 22000, 'Verde Pastel');
INSERT INTO OUTLET_Producto(Codigo_Producto, Tipo_Producto, Nombre_Producto, Stock, Precio_Unitario, Color_Producto)
    VALUES(92, 'Sabanas', 'Juego de Sabanas Cannon 200Hilos King', 1, 36000, 'Negro y Blanco');
INSERT INTO OUTLET_Producto(Codigo_Producto, Tipo_Producto, Nombre_Producto, Stock, Precio_Unitario, Color_Producto)
    VALUES(93, 'Sabanas', 'Juego de Sabanas Cannon 200Hilos King', 2, 36000, 'Blanco y Diseno');
INSERT INTO OUTLET_Producto(Codigo_Producto, Tipo_Producto, Nombre_Producto, Stock, Precio_Unitario, Color_Producto)
    VALUES(94, 'Sabanas', 'Juego de Sabanas Mashini 144Hilos 1.5Plaza', 2, 18000, 'Blanco');
INSERT INTO OUTLET_Producto(Codigo_Producto, Tipo_Producto, Nombre_Producto, Stock, Precio_Unitario, Color_Producto)
    VALUES(95, 'Sabanas', 'Juego de Sabanas Mashini 144Hilos 1.5Plaza', 3, 18000, 'Crema');
INSERT INTO OUTLET_Producto(Codigo_Producto, Tipo_Producto, Nombre_Producto, Stock, Precio_Unitario, Color_Producto)
    VALUES(96, 'Sabanas', 'Juego de Sabanas Mashini 144Hilos 1.5Plaza', 3, 18000, 'Verde Pastel');
INSERT INTO OUTLET_Producto(Codigo_Producto, Tipo_Producto, Nombre_Producto, Stock, Precio_Unitario, Color_Producto)
    VALUES(97, 'Sabanas', 'Juego de Sabanas Cannon AmericanFamily  144Hilos 1.5Plaza', 1, 18000, 'Blanco');
INSERT INTO OUTLET_Producto(Codigo_Producto, Tipo_Producto, Nombre_Producto, Stock, Precio_Unitario, Color_Producto)
    VALUES(98, 'Sabanas', 'Juego de Sabanas Doral  144Hilos 1.5Plaza', 1, 18000, 'Blanco y diseno');
INSERT INTO OUTLET_Producto(Codigo_Producto, Tipo_Producto, Nombre_Producto, Stock, Precio_Unitario, Color_Producto)
    VALUES(99, 'Sabanas', 'Juego de Sabanas Doral  144Hilos 1.5Plaza', 1, 18000, 'Blanco y gris');
INSERT INTO OUTLET_Producto(Codigo_Producto, Tipo_Producto, Nombre_Producto, Stock, Precio_Unitario, Color_Producto)
    VALUES(100, 'Sabanas', 'Juego de Sabanas Cannon AmericanFamily Broderie 1.5Plaza', 1, 20000, 'Morado');
INSERT INTO OUTLET_Producto(Codigo_Producto, Tipo_Producto, Nombre_Producto, Stock, Precio_Unitario, Color_Producto)
    VALUES(101, 'Sabanas', 'Juego de Sabanas Cannon 200Hilos  1.5Plaza', 1, 30000, 'Rosado y diseno');
INSERT INTO OUTLET_Producto(Codigo_Producto, Tipo_Producto, Nombre_Producto, Stock, Precio_Unitario, Color_Producto)
    VALUES(102, 'Sabanas', 'Juego de Sabanas Cannon 200Hilos 1.5Plaza', 1, 30000, 'Rosado y diseno');
INSERT INTO OUTLET_Producto(Codigo_Producto, Tipo_Producto, Nombre_Producto, Stock, Precio_Unitario, Color_Producto)
    VALUES(103, 'Sabanas', 'Juego de Sabanas Cannon 200Hilos 1.5laza', 1, 30000, 'Blanco y Negro');
INSERT INTO OUTLET_Producto(Codigo_Producto, Tipo_Producto, Nombre_Producto, Stock, Precio_Unitario, Color_Producto)
    VALUES(104, 'Sabanas', 'Juego de Sabanas Cannon Elements  200Hilos SuperKing', 1, 46000, 'Blanco');
INSERT INTO OUTLET_Producto(Codigo_Producto, Tipo_Producto, Nombre_Producto, Stock, Precio_Unitario, Color_Producto)
    VALUES(105, 'Sabanas', 'Juego de Sabanas Cannon AmericanFamily 144Hilos 1Plaza', 1, 16000, 'Morado y Blanco');
INSERT INTO OUTLET_Producto(Codigo_Producto, Tipo_Producto, Nombre_Producto, Stock, Precio_Unitario, Color_Producto)
    VALUES(106, 'Sabanas', 'Juego de Sabanas Doral  144Hilos 2Plaza', 1, 20000, 'Blanco y Rojo');
INSERT INTO OUTLET_Producto(Codigo_Producto, Tipo_Producto, Nombre_Producto, Stock, Precio_Unitario, Color_Producto)
    VALUES(107, 'Sabanas', 'Juego de Sabanas Doral 144Hilos 2Plaza', 1, 20000, 'Blanco y Rojo');
INSERT INTO OUTLET_Producto(Codigo_Producto, Tipo_Producto, Nombre_Producto, Stock, Precio_Unitario, Color_Producto)
    VALUES(108, 'Sabanas', 'Juego de Sabanas Doral 144Hilos 2Plaza', 2, 20000, 'Blanco y Damasco');
INSERT INTO OUTLET_Producto(Codigo_Producto, Tipo_Producto, Nombre_Producto, Stock, Precio_Unitario, Color_Producto)
    VALUES(109, 'Sabanas', 'Juego de Sabanas Ninos Cannon Family Toy Story 2Plaza', 1, 20000, 'Diseno');
INSERT INTO OUTLET_Producto(Codigo_Producto, Tipo_Producto, Nombre_Producto, Stock, Precio_Unitario, Color_Producto)
    VALUES(110, 'Sabanas', 'Juego de Sabanas Doral Romantica 144Hilos 2Plaza', 1, 20000, 'Damasco');
INSERT INTO OUTLET_Producto(Codigo_Producto, Tipo_Producto, Nombre_Producto, Stock, Precio_Unitario, Color_Producto)
    VALUES(111, 'Set Ensalada', 'Set Ensaladera de 7 piezas Allegra', 2, 7000, 'Transparente');
INSERT INTO OUTLET_Producto(Codigo_Producto, Tipo_Producto, Nombre_Producto, Stock, Precio_Unitario, Color_Producto)
    VALUES(112, 'Sabanas', 'Juego de Sabanas Ninos 1.5Plaza', 1, 12000, 'Diseno');
INSERT INTO OUTLET_Producto(Codigo_Producto, Tipo_Producto, Nombre_Producto, Stock, Precio_Unitario, Color_Producto)
    VALUES(113, 'Toalla', 'Toallas Cannon AmericanFamily 2 Piezas', 1, 10000, 'Gris');
INSERT INTO OUTLET_Producto(Codigo_Producto, Tipo_Producto, Nombre_Producto, Stock, Precio_Unitario, Color_Producto)
    VALUES(114, 'Toalla', 'Toallas Eripau Bordada 2 Piezas', 1, 7000, 'Blanco y Verde');
INSERT INTO OUTLET_Producto(Codigo_Producto, Tipo_Producto, Nombre_Producto, Stock, Precio_Unitario, Color_Producto)
    VALUES(115, 'Toalla ', 'Toallas Eripau Bordada 2 Piezas', 1, 7000, 'Blanco y Amarillo');
INSERT INTO OUTLET_Producto(Codigo_Producto, Tipo_Producto, Nombre_Producto, Stock, Precio_Unitario, Color_Producto)
    VALUES(116, 'Toalla ', 'Toallas Andes 2 Piezas', 1, 7000, 'Rosado');
INSERT INTO OUTLET_Producto(Codigo_Producto, Tipo_Producto, Nombre_Producto, Stock, Precio_Unitario, Color_Producto)
    VALUES(117, 'Toalla', 'Toalla de Playa Ninos', 1, 6000, 'Diseno');
INSERT INTO OUTLET_Producto(Codigo_Producto, Tipo_Producto, Nombre_Producto, Stock, Precio_Unitario, Color_Producto)
    VALUES(118, 'Toalla ', 'Toalla de Playa Ninos', 1, 6000, 'Diseno');
INSERT INTO OUTLET_Producto(Codigo_Producto, Tipo_Producto, Nombre_Producto, Stock, Precio_Unitario, Color_Producto)
    VALUES(119, 'Faldon', 'Faldon Mashini 144Hilos 2Plazas', 1, 12000, 'Blanco y Verde');
INSERT INTO OUTLET_Producto(Codigo_Producto, Tipo_Producto, Nombre_Producto, Stock, Precio_Unitario, Color_Producto)
    VALUES(120, 'Fundas', 'Fundas Doral Broderie 50x75', 2, 7000, 'Blanco');
INSERT INTO OUTLET_Producto(Codigo_Producto, Tipo_Producto, Nombre_Producto, Stock, Precio_Unitario, Color_Producto)
    VALUES(121, 'Mantel', 'Mantel Antimanchas HomeSeven 140x240', 1, 8000, 'Diseno');
INSERT INTO OUTLET_Producto(Codigo_Producto, Tipo_Producto, Nombre_Producto, Stock, Precio_Unitario, Color_Producto)
    VALUES(122, 'Cobertor ', 'Diseno+[@Nombre]', 5, 14000, 'Rosado');
INSERT INTO OUTLET_Producto(Codigo_Producto, Tipo_Producto, Nombre_Producto, Stock, Precio_Unitario, Color_Producto)
    VALUES(123, 'Cobertor ', 'Cobertor Cannon AmericanFamily 1.5Plaza', 2, 20000, 'Morado');
INSERT INTO OUTLET_Producto(Codigo_Producto, Tipo_Producto, Nombre_Producto, Stock, Precio_Unitario, Color_Producto) 
    VALUES(124, 'Cobertor ', 'Cobertor Cannon AmericanFamily 1.5Plaza', 1, 20000, 'Rosa y Gris');
INSERT INTO OUTLET_Producto(Codigo_Producto, Tipo_Producto, Nombre_Producto, Stock, Precio_Unitario, Color_Producto)
    VALUES(125, 'Cobertor ', 'Cobertor Cannon AmericanFamily 1.5Plaza', 1, 20000, 'Lila');
INSERT INTO OUTLET_Producto(Codigo_Producto, Tipo_Producto, Nombre_Producto, Stock, Precio_Unitario, Color_Producto)
    VALUES(126, 'Cobertor ', 'Cobertor Doral Hotpress 1.5Plaza', 1, 14000, 'Beige y diseno');
INSERT INTO OUTLET_Producto(Codigo_Producto, Tipo_Producto, Nombre_Producto, Stock, Precio_Unitario, Color_Producto)
    VALUES(127, 'Cobertor ', 'Cobertor Favhogar 1.5Plaza', 1, 16000, 'Morado');
INSERT INTO OUTLET_Producto(Codigo_Producto, Tipo_Producto, Nombre_Producto, Stock, Precio_Unitario, Color_Producto)
    VALUES(128, 'Cobertor ', 'Cobertor Doral Hotpress 2Plazas', 1, 16000, 'Blanco y Celeste');
INSERT INTO OUTLET_Producto(Codigo_Producto, Tipo_Producto, Nombre_Producto, Stock, Precio_Unitario, Color_Producto)
    VALUES(129, 'Cobertor ', 'Cobertor Doral Hotpress 2Plazas', 1, 16000, 'Blanco y diseno');
INSERT INTO OUTLET_Producto(Codigo_Producto, Tipo_Producto, Nombre_Producto, Stock, Precio_Unitario, Color_Producto)
    VALUES(130, 'Cobertor ', 'Cobertor Doral Hotpress King', 10, 18000, 'Azul');
INSERT INTO OUTLET_Producto(Codigo_Producto, Tipo_Producto, Nombre_Producto, Stock, Precio_Unitario, Color_Producto)
    VALUES(131, 'Cobertor ', 'Cobertor Cannon AmericanFamily King', 1, 25000, 'Morado');
INSERT INTO OUTLET_Producto(Codigo_Producto, Tipo_Producto, Nombre_Producto, Stock, Precio_Unitario, Color_Producto)
    VALUES(132, 'Cobertor', 'Cobertor Doral Hotpress King', 3, 18000, 'Gris');
INSERT INTO OUTLET_Producto(Codigo_Producto, Tipo_Producto, Nombre_Producto, Stock, Precio_Unitario, Color_Producto)
    VALUES(133, 'Cobertor ', 'Cobertor Reversible Ambienta 2Plazas', 3, 10000, 'Diseno');
INSERT INTO OUTLET_Producto(Codigo_Producto, Tipo_Producto, Nombre_Producto, Stock, Precio_Unitario, Color_Producto)
    VALUES(134, 'Frazada', 'Frazada Alles 1.5Plaza', 3, 14000, 'Burdeo');
INSERT INTO OUTLET_Producto(Codigo_Producto, Tipo_Producto, Nombre_Producto, Stock, Precio_Unitario, Color_Producto)
    VALUES(135, 'Frazada', 'Frazada Alles 1.5Plaza', 1, 14000, 'Cafe claro');
INSERT INTO OUTLET_Producto(Codigo_Producto, Tipo_Producto, Nombre_Producto, Stock, Precio_Unitario, Color_Producto)
    VALUES(136, 'Frazada', 'Frazada Alles 2Plazas', 1, 16000, 'Cafe');
INSERT INTO OUTLET_Producto(Codigo_Producto, Tipo_Producto, Nombre_Producto, Stock, Precio_Unitario, Color_Producto)
    VALUES(137, 'Frazada', 'Frazada Alles 2Plazas', 1, 16000, 'Rojo Oscuro');
INSERT INTO OUTLET_Producto(Codigo_Producto, Tipo_Producto, Nombre_Producto, Stock, Precio_Unitario, Color_Producto)
    VALUES(138, 'Frazada', 'Frazada Alles 2Plazas', 1, 16000, 'Verde');
INSERT INTO OUTLET_Producto(Codigo_Producto, Tipo_Producto, Nombre_Producto, Stock, Precio_Unitario, Color_Producto)
    VALUES(139, 'Frazada', 'Frazada Alles 2Plazas', 2, 16000, 'Rojo');
INSERT INTO OUTLET_Producto(Codigo_Producto, Tipo_Producto, Nombre_Producto, Stock, Precio_Unitario, Color_Producto)
    VALUES(140, 'Frazada', 'Frazada Alles King', 2, 18000, 'Rojo');
INSERT INTO OUTLET_Producto(Codigo_Producto, Tipo_Producto, Nombre_Producto, Stock, Precio_Unitario, Color_Producto)
    VALUES(141, 'Frazada', 'Frazada Alles King', 2, 18000, 'Burdeo');
INSERT INTO OUTLET_Producto(Codigo_Producto, Tipo_Producto, Nombre_Producto, Stock, Precio_Unitario, Color_Producto)
    VALUES(142, 'Frazada', 'Frazada Escocesa 1Plaza', 3, 10000, 'Azul');
INSERT INTO OUTLET_Producto(Codigo_Producto, Tipo_Producto, Nombre_Producto, Stock, Precio_Unitario, Color_Producto)
    VALUES(143, 'Plumon', 'Plumon reversible Cannon AmericanFamily 1.5Plaza', 1, 25000, 'Diseno');
INSERT INTO OUTLET_Producto(Codigo_Producto, Tipo_Producto, Nombre_Producto, Stock, Precio_Unitario, Color_Producto)
    VALUES(144, 'Plumon', 'Plumon reversible Cannon AmericanFamily 1.5Plaza', 1, 25000, 'Diseno');
INSERT INTO OUTLET_Producto(Codigo_Producto, Tipo_Producto, Nombre_Producto, Stock, Precio_Unitario, Color_Producto)
    VALUES(145, 'Plumon', 'Plumon Estampado Cannon  1.5Plaza', 1, 32000, 'Diseno');
INSERT INTO OUTLET_Producto(Codigo_Producto, Tipo_Producto, Nombre_Producto, Stock, Precio_Unitario, Color_Producto)
    VALUES(146, 'Bajada de Cama', 'Bajada de cama  Shaggy 60x100', 7, 10000, 'Azul');
INSERT INTO OUTLET_Producto(Codigo_Producto, Tipo_Producto, Nombre_Producto, Stock, Precio_Unitario, Color_Producto)
    VALUES(147, 'Bajada de Cama', 'Bajada de cama  Shaggy 60x100', 1, 10000, 'Naranjo');
INSERT INTO OUTLET_Producto(Codigo_Producto, Tipo_Producto, Nombre_Producto, Stock, Precio_Unitario, Color_Producto)
    VALUES(148, 'Bajada de Cama', 'Bajada de cama ninos Los Hechiceros de Waverly Place 57x90', 2, 10000, 'Diseno');
INSERT INTO OUTLET_Producto(Codigo_Producto, Tipo_Producto, Nombre_Producto, Stock, Precio_Unitario, Color_Producto)
    VALUES(149, 'Almohadas', 'Pack de 2 Almohadas Masel 50x75 ', 6, 10000, 'Blanco');
INSERT INTO OUTLET_Producto(Codigo_Producto, Tipo_Producto, Nombre_Producto, Stock, Precio_Unitario, Color_Producto)
    VALUES(150, 'Bandera', 'Bendera Chilena 200x300', 36, 12000, 'Diseno');
INSERT INTO OUTLET_Producto(Codigo_Producto, Tipo_Producto, Nombre_Producto, Stock, Precio_Unitario, Color_Producto)
    VALUES(151, 'Bandera', 'Bandera Chilena 90x135', 25, 6000, 'Diseno');
INSERT INTO OUTLET_Producto(Codigo_Producto, Tipo_Producto, Nombre_Producto, Stock, Precio_Unitario, Color_Producto)
    VALUES(152, 'Bandera', 'Bandera Chilena 140x210', 18, 8000, 'Diseno');
INSERT INTO OUTLET_Producto(Codigo_Producto, Tipo_Producto, Nombre_Producto, Stock, Precio_Unitario, Color_Producto) 
    VALUES(153, 'Bandera', 'Bandera Mapuche 90x150', 80, 3000, 'Diseno');
INSERT INTO OUTLET_Producto(Codigo_Producto, Tipo_Producto, Nombre_Producto, Stock, Precio_Unitario, Color_Producto)
    VALUES(154, 'Bandera', 'Bandera para espejos retrovisores ', 35, 2000, 'Diseno');
INSERT INTO OUTLET_Producto(Codigo_Producto, Tipo_Producto, Nombre_Producto, Stock, Precio_Unitario, Color_Producto)
    VALUES(155, 'Bandera ', 'Bandera Chilena 290x450', 2, 25000, 'Diseno');
INSERT INTO OUTLET_Producto(Codigo_Producto, Tipo_Producto, Nombre_Producto, Stock, Precio_Unitario, Color_Producto)
    VALUES(156, 'Perifericos', 'Mouse Gamer AOAS V01 RGB 1200DPI', 2, 4000, 'Negro');
INSERT INTO OUTLET_Producto(Codigo_Producto, Tipo_Producto, Nombre_Producto, Stock, Precio_Unitario, Color_Producto)
    VALUES(157, 'Perifericos', 'Mouse Gamer JIEXIN 1600DPI', 1, 6000, 'Negro');
INSERT INTO OUTLET_Producto(Codigo_Producto, Tipo_Producto, Nombre_Producto, Stock, Precio_Unitario, Color_Producto)
    VALUES(158, 'Perifericos', 'Set Gamer K33 Teclado y Mouse ', 2, 9000, 'Negro');
INSERT INTO OUTLET_Producto(Codigo_Producto, Tipo_Producto, Nombre_Producto, Stock, Precio_Unitario, Color_Producto)
    VALUES(159, 'Perifericos', 'Set Gamer Weibo WB-550 RGB', 1, 9000, 'Plateado');
INSERT INTO OUTLET_Producto(Codigo_Producto, Tipo_Producto, Nombre_Producto, Stock, Precio_Unitario, Color_Producto)
    VALUES(160, 'Sabanas ', 'Juego de Sabanas Ninos Universidad de Chile 1.5Plazas', 2, 16000, 'Diseno');
INSERT INTO OUTLET_Producto(Codigo_Producto, Tipo_Producto, Nombre_Producto, Stock, Precio_Unitario, Color_Producto)
    VALUES(161, 'Sabanas ', 'Juego de Sabanas Ninos Universidad de Chile 2Plazas', 1, 16000, 'Diseno');
INSERT INTO OUTLET_Producto(Codigo_Producto, Tipo_Producto, Nombre_Producto, Stock, Precio_Unitario, Color_Producto)
    VALUES(162, 'Sabanas Polar', 'Juego de Sabanas Polar Doral Lisa Compose King', 3, 18000, 'Rojo y Gris');
INSERT INTO OUTLET_Producto(Codigo_Producto, Tipo_Producto, Nombre_Producto, Stock, Precio_Unitario, Color_Producto)
    VALUES(163, 'Sabanas Polar', 'Juego de Sabanas Polar Doral Lisa Compose King', 4, 18000, 'Cafe Claro y Burdeo');
INSERT INTO OUTLET_Producto(Codigo_Producto, Tipo_Producto, Nombre_Producto, Stock, Precio_Unitario, Color_Producto)
    VALUES(164, 'Sabanas Polar', 'Juego de Sabanas Polar Doral Lisa Compose King', 2, 18000, 'Gris y Azul');
INSERT INTO OUTLET_Producto(Codigo_Producto, Tipo_Producto, Nombre_Producto, Stock, Precio_Unitario, Color_Producto)
    VALUES(165, 'Sabanas Polar', 'Juego de Sabanas Polar Doral Lisa Compose King', 1, 18000, 'Crema y Cafe');
INSERT INTO OUTLET_Producto(Codigo_Producto, Tipo_Producto, Nombre_Producto, Stock, Precio_Unitario, Color_Producto)
    VALUES(166, 'Frazada', 'Frazadas para ninos Paw Patrol Azul 1.5Plazas', 1, 18000, 'Diseno Azul');
INSERT INTO OUTLET_Producto(Codigo_Producto, Tipo_Producto, Nombre_Producto, Stock, Precio_Unitario, Color_Producto)
    VALUES(167, 'Frazada', 'Frazada para ninos Universidad de Chile 1.5Plazas', 1, 18000, 'Diseno');
INSERT INTO OUTLET_Producto(Codigo_Producto, Tipo_Producto, Nombre_Producto, Stock, Precio_Unitario, Color_Producto)
    VALUES(168, 'Sabanas Polar', 'Juego de Sabanas Polar Ninos Paw Patrol Azul 1.5Plazas', 1, 20000, 'Azul');
INSERT INTO OUTLET_Producto(Codigo_Producto, Tipo_Producto, Nombre_Producto, Stock, Precio_Unitario, Color_Producto)
    VALUES(169, 'Sabanas Polar', 'Juego de Sabanas Polar Ninos Spider-Man  1.5Plazas', 1, 20000, 'Gris y diseno');
INSERT INTO OUTLET_Producto(Codigo_Producto, Tipo_Producto, Nombre_Producto, Stock, Precio_Unitario, Color_Producto)
    VALUES(170, 'Cobertor', 'Cobertor Doral Sherpa Liso Da Vinci King', 2, 20000, 'Burdeo');
INSERT INTO OUTLET_Producto(Codigo_Producto, Tipo_Producto, Nombre_Producto, Stock, Precio_Unitario, Color_Producto)
    VALUES(171, 'Cobertor', 'Cobertor Doral Chiporro Liso HiperTermico 2Plazas', 1, 34000, 'Gris Azulado');
INSERT INTO OUTLET_Producto(Codigo_Producto, Tipo_Producto, Nombre_Producto, Stock, Precio_Unitario, Color_Producto)
    VALUES(172, 'Frazada', 'Frazada Sherpa para ninos Spider-man 1.5Plazas ', 1, 20000, 'Celeste y Diseno');
INSERT INTO OUTLET_Producto(Codigo_Producto, Tipo_Producto, Nombre_Producto, Stock, Precio_Unitario, Color_Producto)
    VALUES(173, 'Frazada', 'Frazada Sherpa para ninos Princesas Disney 1.5Plazas', 1, 20000, 'Rosado y Diseno');
INSERT INTO OUTLET_Producto(Codigo_Producto, Tipo_Producto, Nombre_Producto, Stock, Precio_Unitario, Color_Producto)
    VALUES(174, 'Plumon', 'Plumon Sherpa Doral Hiper termico 1.5Plazas', 1, 28000, 'Blanco y Diseno ');
INSERT INTO OUTLET_Producto(Codigo_Producto, Tipo_Producto, Nombre_Producto, Stock, Precio_Unitario, Color_Producto)
    VALUES(175, 'Cobertor', 'Cobertor Doral Sherpa Liso Da Vinci 1.5Plazas', 1, 18000, 'Blanco y Diseno ');
INSERT INTO OUTLET_Producto(Codigo_Producto, Tipo_Producto, Nombre_Producto, Stock, Precio_Unitario, Color_Producto)
    VALUES(176, 'Sabanas Polar', 'Juego de Sabanas Polar Doral Estampada Compose 1.5Plazas', 1, 14000, 'Diseno');
INSERT INTO OUTLET_Producto(Codigo_Producto, Tipo_Producto, Nombre_Producto, Stock, Precio_Unitario, Color_Producto)
    VALUES(177, 'Sabanas Polar', 'Juego de Sabanas Polar para ninos Frozen ', 1, 20000, 'Diseno Azul');
INSERT INTO OUTLET_Producto(Codigo_Producto, Tipo_Producto, Nombre_Producto, Stock, Precio_Unitario, Color_Producto)
    VALUES(178, 'Alfombra Cocina', 'Alfombras para cocina 40x120 y 40x60', 1, 7000, 'Azul');
INSERT INTO OUTLET_Producto(Codigo_Producto, Tipo_Producto, Nombre_Producto, Stock, Precio_Unitario, Color_Producto)
    VALUES(179, 'Piso de Bano', 'Piso de Bano para ninos Winnie The Poo 50x80', 3, 5000, 'Celeste y Diseno');
INSERT INTO OUTLET_Producto(Codigo_Producto, Tipo_Producto, Nombre_Producto, Stock, Precio_Unitario, Color_Producto)
    VALUES(180, 'Plumon', 'Plumon Estampado Super Soft Cannon  1.5Plazas', 1, 32000, 'Diseno Floreado');
INSERT INTO OUTLET_Producto(Codigo_Producto, Tipo_Producto, Nombre_Producto, Stock, Precio_Unitario, Color_Producto)
    VALUES(181, 'Plumon', 'Plumon Estampado Super Soft Cannon  1.5Plazas', 1, 32000, 'Gris');
INSERT INTO OUTLET_Producto(Codigo_Producto, Tipo_Producto, Nombre_Producto, Stock, Precio_Unitario, Color_Producto)
    VALUES(182, 'Plumon', 'Plumon Estampado Super Soft Cannon  1.5Plazas', 1, 32000, 'Diseno Blanco ');
INSERT INTO OUTLET_Producto(Codigo_Producto, Tipo_Producto, Nombre_Producto, Stock, Precio_Unitario, Color_Producto) 
    VALUES(183, 'Plumon', 'Plumon Estampado Super Soft Cannon  1.5Plazas', 1, 32000, 'Diseno Verde ');
INSERT INTO OUTLET_Producto(Codigo_Producto, Tipo_Producto, Nombre_Producto, Stock, Precio_Unitario, Color_Producto)
    VALUES(184, 'Plumon', 'Plumon Estampado Super Soft Cannon  2Plazas', 1, 35000, 'Diseno floreado');
INSERT INTO OUTLET_Producto(Codigo_Producto, Tipo_Producto, Nombre_Producto, Stock, Precio_Unitario, Color_Producto)
    VALUES(185, 'Plumon', 'Plumon Estampado Super Soft Cannon  King', 1, 38000, 'Cafe y Celeste');
INSERT INTO OUTLET_Producto(Codigo_Producto, Tipo_Producto, Nombre_Producto, Stock, Precio_Unitario, Color_Producto)
    VALUES(186, 'Plumon', 'Plumon Estampado Super Soft Cannon  SuperKing', 1, 40000, 'Cafe y Celeste');
INSERT INTO OUTLET_Producto(Codigo_Producto, Tipo_Producto, Nombre_Producto, Stock, Precio_Unitario, Color_Producto)
    VALUES(187, 'Plumon', 'Plumon Estampado Super Soft Cannon  SuperKing', 1, 40000, 'Verde y Diseno');
INSERT INTO OUTLET_Producto(Codigo_Producto, Tipo_Producto, Nombre_Producto, Stock, Precio_Unitario, Color_Producto)
    VALUES(188, 'Cobertor', 'Cobertor Doral QuiltBubbly 2Plazas', 1, 18000, 'Blanco');
INSERT INTO OUTLET_Producto(Codigo_Producto, Tipo_Producto, Nombre_Producto, Stock, Precio_Unitario, Color_Producto)
    VALUES(189, 'Cobertor', 'Cobertor Doral  QuiltVelvety 2Plazas', 1, 18000, 'Blanco');
INSERT INTO OUTLET_Producto(Codigo_Producto, Tipo_Producto, Nombre_Producto, Stock, Precio_Unitario, Color_Producto)
    VALUES(190, 'Cobertor', 'Cobertor Doral QuiltVelvelty King', 3, 20000, 'Blanco');
INSERT INTO OUTLET_Producto(Codigo_Producto, Tipo_Producto, Nombre_Producto, Stock, Precio_Unitario, Color_Producto)
    VALUES(191, 'Cobertor', 'Cobertor Doral QuiltVelvetyKing', 1, 20000, 'Verde');
INSERT INTO OUTLET_Producto(Codigo_Producto, Tipo_Producto, Nombre_Producto, Stock, Precio_Unitario, Color_Producto)
    VALUES(192, 'Cobertor', 'Cobertor Doral QuiltVelvety King', 1, 20000, 'Palo Rosa');
INSERT INTO OUTLET_Producto(Codigo_Producto, Tipo_Producto, Nombre_Producto, Stock, Precio_Unitario, Color_Producto)
    VALUES(193, 'Cobertor', 'Cobertor Doral QuiltBubbly King', 1, 20000, 'Negro');
INSERT INTO OUTLET_Producto(Codigo_Producto, Tipo_Producto, Nombre_Producto, Stock, Precio_Unitario, Color_Producto)
    VALUES(194, 'Cobertor', 'Cobertor Doral QuiltVelvety King', 1, 20000, 'Burdeo');
INSERT INTO OUTLET_Producto(Codigo_Producto, Tipo_Producto, Nombre_Producto, Stock, Precio_Unitario, Color_Producto)
    VALUES(195, 'Cobertor', 'Cobertor Doral QuiltVelvety King ', 1, 20000, 'Verde agua');
INSERT INTO OUTLET_Producto(Codigo_Producto, Tipo_Producto, Nombre_Producto, Stock, Precio_Unitario, Color_Producto)
    VALUES(196, 'Plumon', 'Plumon Ninos Spider-Man 1.5Plazas', 2, 24000, 'Diseno');
INSERT INTO OUTLET_Producto(Codigo_Producto, Tipo_Producto, Nombre_Producto, Stock, Precio_Unitario, Color_Producto)
    VALUES(197, 'Plumon', 'Plumon Ninis Dragon Ball Super 1.5Plazas', 1, 24000, 'Diseno');
INSERT INTO OUTLET_Producto(Codigo_Producto, Tipo_Producto, Nombre_Producto, Stock, Precio_Unitario, Color_Producto)
    VALUES(198, 'Plumon', 'Plumon Ninos Avengers 1.5Plazas', 2, 24000, 'Diseno Gris');
INSERT INTO OUTLET_Producto(Codigo_Producto, Tipo_Producto, Nombre_Producto, Stock, Precio_Unitario, Color_Producto)
    VALUES(199, 'Plumon', 'Plumon Ninos Minnie Mouse 1.5Plazas', 1, 24000, 'Diseno Rosa');
INSERT INTO OUTLET_Producto(Codigo_Producto, Tipo_Producto, Nombre_Producto, Stock, Precio_Unitario, Color_Producto)
    VALUES(200, 'Plumon', 'Plumon Ninos Frozen 1.5Plazas', 1, 24000, 'Diseno Lila');
INSERT INTO OUTLET_Producto(Codigo_Producto, Tipo_Producto, Nombre_Producto, Stock, Precio_Unitario, Color_Producto)
    VALUES(201, 'Sabanas ', 'Juego de Sabanas Ninos Avengers 1.5Plazas', 1, 15000, 'Diseno Azul');
INSERT INTO OUTLET_Producto(Codigo_Producto, Tipo_Producto, Nombre_Producto, Stock, Precio_Unitario, Color_Producto)
    VALUES(202, 'Sabanas ', 'Juego de Sabanas Ninos Minnie Mouse 1.5Plazas', 1, 15000, 'Diseno Rosa');
INSERT INTO OUTLET_Producto(Codigo_Producto, Tipo_Producto, Nombre_Producto, Stock, Precio_Unitario, Color_Producto)
    VALUES(203, 'Sabanas ', 'Juego de Sabanas Ninos Minnie Mouse 1.5Plazas', 1, 15000, 'Diseno Lila');
INSERT INTO OUTLET_Producto(Codigo_Producto, Tipo_Producto, Nombre_Producto, Stock, Precio_Unitario, Color_Producto)
    VALUES(204, 'Sabanas ', 'Juego de Sabanas Ninos Cars 1.5Plazas', 2, 15000, 'Diseno Azul');
INSERT INTO OUTLET_Producto(Codigo_Producto, Tipo_Producto, Nombre_Producto, Stock, Precio_Unitario, Color_Producto)
    VALUES(205, 'Sabanas ', 'Juego de Sabanas Ninos PawPatrol  1.5Plazas', 1, 15000, 'Diseno Lila');
INSERT INTO OUTLET_Producto(Codigo_Producto, Tipo_Producto, Nombre_Producto, Stock, Precio_Unitario, Color_Producto)
    VALUES(206, 'Sabanas', 'Juego de Sabanas Ninos Wish 1.5Plaza', 1, 15000, 'Diseno Morado');
INSERT INTO OUTLET_Producto(Codigo_Producto, Tipo_Producto, Nombre_Producto, Stock, Precio_Unitario, Color_Producto)
    VALUES(207, 'Sabanas', 'Juego de Sabanas Ninos PawPatrol 1.5Plazas', 2, 15000, 'Diseno Verde Claro');
INSERT INTO OUTLET_Producto(Codigo_Producto, Tipo_Producto, Nombre_Producto, Stock, Precio_Unitario, Color_Producto)
    VALUES(208, 'Sabanas', 'Juego de Sabanas Ninos Spider-Man 1.5Plazas', 2, 15000, 'Diseno Azul');
INSERT INTO OUTLET_Producto(Codigo_Producto, Tipo_Producto, Nombre_Producto, Stock, Precio_Unitario, Color_Producto)
    VALUES(209, 'Mantas', 'Manta Doral HiperTermica Softy 127x152', 2, 6000, 'Rosa');
INSERT INTO OUTLET_Producto(Codigo_Producto, Tipo_Producto, Nombre_Producto, Stock, Precio_Unitario, Color_Producto)
    VALUES(210, 'Mantas', 'Manta Mashini PopCorn 127x152', 2, 7000, 'Rosado Oscuro');
INSERT INTO OUTLET_Producto(Codigo_Producto, Tipo_Producto, Nombre_Producto, Stock, Precio_Unitario, Color_Producto)
    VALUES(211, 'Mantas', 'Manta Mashini PopCorn 127x152', 2, 7000, 'Coral');
INSERT INTO OUTLET_Producto(Codigo_Producto, Tipo_Producto, Nombre_Producto, Stock, Precio_Unitario, Color_Producto)
    VALUES(212, 'Mantas', 'Manta Mashini PopCorn 127x152', 2, 7000, 'Menta');
INSERT INTO OUTLET_Producto(Codigo_Producto, Tipo_Producto, Nombre_Producto, Stock, Precio_Unitario, Color_Producto)
    VALUES(213, 'Mantas', 'Manta Mashini PopCorn 127x152', 2, 7000, 'Amarillo');
INSERT INTO OUTLET_Producto(Codigo_Producto, Tipo_Producto, Nombre_Producto, Stock, Precio_Unitario, Color_Producto) 
    VALUES(214, 'Mantas', 'Manta Mashini PopCorn 127x152', 2, 7000, 'Gris');
INSERT INTO OUTLET_Producto(Codigo_Producto, Tipo_Producto, Nombre_Producto, Stock, Precio_Unitario, Color_Producto)
    VALUES(215, 'Sabanas', 'Juego de Sabanas Mashini Bordado 144Hilos 2Plazas', 3, 20000, 'Gris');
INSERT INTO OUTLET_Producto(Codigo_Producto, Tipo_Producto, Nombre_Producto, Stock, Precio_Unitario, Color_Producto)
    VALUES(216, 'Sabanas', 'Juego de Sabanas Mashini Bordado 144Hilos 2Plazas', 1, 20000, 'Blanco y Diseno');
INSERT INTO OUTLET_Producto(Codigo_Producto, Tipo_Producto, Nombre_Producto, Stock, Precio_Unitario, Color_Producto)
    VALUES(217, 'Sabanas ', 'Juego de Sabanas Mashini Bordado 144Hilos 2Plazas', 1, 20000, 'Blanco y Diseno Azul');
INSERT INTO OUTLET_Producto(Codigo_Producto, Tipo_Producto, Nombre_Producto, Stock, Precio_Unitario, Color_Producto)
    VALUES(218, 'Sabanas', 'Juego de Sabanas Mashini Bordado 144Hilos 2Plazas', 1, 20000, 'Beige');
INSERT INTO OUTLET_Producto(Codigo_Producto, Tipo_Producto, Nombre_Producto, Stock, Precio_Unitario, Color_Producto)
    VALUES(219, 'Sabanas', 'Juego de Sabanas Mashini Bordado 144Hilos 2Plazas', 1, 20000, 'Blanco y Coral');
INSERT INTO OUTLET_Producto(Codigo_Producto, Tipo_Producto, Nombre_Producto, Stock, Precio_Unitario, Color_Producto)
    VALUES(220, 'Sabanas ', 'Juego de Sabanas Doral 144Hilos 2Plazas', 2, 20000, 'Verde y Azul');
INSERT INTO OUTLET_Producto(Codigo_Producto, Tipo_Producto, Nombre_Producto, Stock, Precio_Unitario, Color_Producto)
    VALUES(221, 'Sabanas', 'Juego de Sabanas Doral 144Hilos 2Plazas', 2, 20000, 'Blanco y Celeste');
INSERT INTO OUTLET_Producto(Codigo_Producto, Tipo_Producto, Nombre_Producto, Stock, Precio_Unitario, Color_Producto)
    VALUES(222, 'Sabanas ', 'Juego de Sabanas Doral 144Hilos 2Plazas', 2, 20000, 'Blanco y Cafe');
INSERT INTO OUTLET_Producto(Codigo_Producto, Tipo_Producto, Nombre_Producto, Stock, Precio_Unitario, Color_Producto)
    VALUES(223, 'Sabanas', 'Juego de Sabanas Doral 144Hilos 2Plazas', 1, 20000, 'Blanco y Amarillo');
INSERT INTO OUTLET_Producto(Codigo_Producto, Tipo_Producto, Nombre_Producto, Stock, Precio_Unitario, Color_Producto)
    VALUES(224, 'Sabanas', 'Juego de Sabanas Doral 144Hilos 2Plazas', 1, 20000, 'Crema ');
INSERT INTO OUTLET_Producto(Codigo_Producto, Tipo_Producto, Nombre_Producto, Stock, Precio_Unitario, Color_Producto)
    VALUES(225, 'Sabanas', 'Juego de Sabanas Doral 144Hilos 2Plazas', 1, 20000, 'Blanco y Burdeo');
INSERT INTO OUTLET_Producto(Codigo_Producto, Tipo_Producto, Nombre_Producto, Stock, Precio_Unitario, Color_Producto)
    VALUES(226, 'Sabanas ', 'Juego de Sabanas Doral 144Hilos 2Plazas', 1, 20000, 'Blanco y Azul');
INSERT INTO OUTLET_Producto(Codigo_Producto, Tipo_Producto, Nombre_Producto, Stock, Precio_Unitario, Color_Producto)
    VALUES(227, 'Sabanas ', 'Juego de Sabanas Cannon AmericanFamily 144Hilos 2Plazas', 1, 20000, 'Azul Y Gris');
INSERT INTO OUTLET_Producto(Codigo_Producto, Tipo_Producto, Nombre_Producto, Stock, Precio_Unitario, Color_Producto)
    VALUES(228, 'Sabanas ', 'Juego de Sabanas Cannon AmericanFamily 144Hilos 2Plazas', 2, 20000, 'Gris Claro');
INSERT INTO OUTLET_Producto(Codigo_Producto, Tipo_Producto, Nombre_Producto, Stock, Precio_Unitario, Color_Producto)
    VALUES(229, 'Sabanas', 'Juego de Sabanas Cannon AmericanFamily 144Hilos 2Plazas', 2, 20000, 'Blanco y Celeste');
INSERT INTO OUTLET_Producto(Codigo_Producto, Tipo_Producto, Nombre_Producto, Stock, Precio_Unitario, Color_Producto)
    VALUES(230, 'Sabanas ', 'Juego de Sabanas Cannon AmericanFamily 144Hilos 2Plazas', 2, 20000, 'Gris ');
INSERT INTO OUTLET_Producto(Codigo_Producto, Tipo_Producto, Nombre_Producto, Stock, Precio_Unitario, Color_Producto)
    VALUES(231, 'Sabanas', 'Juego de Sabanas Cannon AmericanFamily 144Hilos 1.5Plazas', 2, 18000, 'Gris');
INSERT INTO OUTLET_Producto(Codigo_Producto, Tipo_Producto, Nombre_Producto, Stock, Precio_Unitario, Color_Producto)
    VALUES(232, 'Sabanas', 'Juego de Sabanas Cannon AmericanFamily 144Hilos 1.5Plazas', 1, 18000, 'Celeste Claro');
INSERT INTO OUTLET_Producto(Codigo_Producto, Tipo_Producto, Nombre_Producto, Stock, Precio_Unitario, Color_Producto)
    VALUES(233, 'Sabanas ', 'Juego de Sabanas Cannon AmericanFamily 144Hilos 1.5Plazas', 1, 18000, 'Verde');
INSERT INTO OUTLET_Producto(Codigo_Producto, Tipo_Producto, Nombre_Producto, Stock, Precio_Unitario, Color_Producto)
    VALUES(234, 'Sabanas', 'Juego de Sabanas Cannon AmericanFamily 144Hilos 1.5Plazas', 1, 18000, 'Celeste');
INSERT INTO OUTLET_Producto(Codigo_Producto, Tipo_Producto, Nombre_Producto, Stock, Precio_Unitario, Color_Producto)
    VALUES(235, 'Sabanas', 'Juego de Sabanas Cannon AmericanFamily 144Hilos 1.5Plazas', 1, 18000, 'Blanco y Azul');
INSERT INTO OUTLET_Producto(Codigo_Producto, Tipo_Producto, Nombre_Producto, Stock, Precio_Unitario, Color_Producto)
    VALUES(236, 'Sabanas', 'Juego de Sabanas Cannon AmericanFamily 144Hilos King', 1, 22000, 'Gris');
INSERT INTO OUTLET_Producto(Codigo_Producto, Tipo_Producto, Nombre_Producto, Stock, Precio_Unitario, Color_Producto)
    VALUES(237, 'Sabanas', 'Juego de Sabanas Cannon AmericanFamily 144Hilos King', 1, 22000, 'Blanco y Celeste');
INSERT INTO OUTLET_Producto(Codigo_Producto, Tipo_Producto, Nombre_Producto, Stock, Precio_Unitario, Color_Producto)
    VALUES(238, 'Sabanas', 'Juego de Sabanas Cannon AmericanFamily 144Hilos King', 1, 22000, 'Beige y Diseno ');
INSERT INTO OUTLET_Producto(Codigo_Producto, Tipo_Producto, Nombre_Producto, Stock, Precio_Unitario, Color_Producto)
    VALUES(239, 'Sabanas', 'Juego de Sabanas Cannon AmericanFamily 144Hilos King', 1, 22000, 'Diseno de Hojas');
INSERT INTO OUTLET_Producto(Codigo_Producto, Tipo_Producto, Nombre_Producto, Stock, Precio_Unitario, Color_Producto)
    VALUES(240, 'Sabanas', 'Juego de Sabanas Cannon AmericanFamily 144Hilos King', 1, 22000, 'Azul y Gris');
INSERT INTO OUTLET_Producto(Codigo_Producto, Tipo_Producto, Nombre_Producto, Stock, Precio_Unitario, Color_Producto)
    VALUES(241, 'Sabanas', 'Juego de Sabanas Cannon AmericanFamily 144Hilos King', 1, 22000, 'Blanco ');
INSERT INTO OUTLET_Producto(Codigo_Producto, Tipo_Producto, Nombre_Producto, Stock, Precio_Unitario, Color_Producto)
    VALUES(242, 'Sabanas ', 'Juego de Sabanas Cannon AmericanFamily 144Hilos King', 1, 22000, 'Azul y Blanco');
INSERT INTO OUTLET_Producto(Codigo_Producto, Tipo_Producto, Nombre_Producto, Stock, Precio_Unitario, Color_Producto)
    VALUES(243, 'Sabanas ', 'Juego de Sabanas Cannon 200Hilos 1.5Plazas', 3, 30000, 'Azul y Blanco');
INSERT INTO OUTLET_Producto(Codigo_Producto, Tipo_Producto, Nombre_Producto, Stock, Precio_Unitario, Color_Producto)
    VALUES(244, 'Sabanas ', 'Juego de Sabanas Cannon 200Hilos 1.5Plazas', 2, 30000, 'Blanco y Negro');
INSERT INTO OUTLET_Producto(Codigo_Producto, Tipo_Producto, Nombre_Producto, Stock, Precio_Unitario, Color_Producto)
    VALUES(245, 'Sabanas ', 'Juego de Sabanas Cannon  200Hilos 1.5Plazas', 1, 30000, 'Verde ');
INSERT INTO OUTLET_Producto(Codigo_Producto, Tipo_Producto, Nombre_Producto, Stock, Precio_Unitario, Color_Producto)
    VALUES(246, 'Sabanas', 'Juego de Sabanas Cannon 200Hilos 1.5Plazas', 1, 30000, 'Diseno 1');
INSERT INTO OUTLET_Producto(Codigo_Producto, Tipo_Producto, Nombre_Producto, Stock, Precio_Unitario, Color_Producto)
    VALUES(247, 'Sabanas', 'Juego de Sabanas Cannon 200Hilos 1.5Plazas', 1, 30000, 'Diseno 2');
INSERT INTO OUTLET_Producto(Codigo_Producto, Tipo_Producto, Nombre_Producto, Stock, Precio_Unitario, Color_Producto)
    VALUES(248, 'Sabanas', 'Juego de Sabanas Cannon 200Hilos 1.5Plazas', 1, 30000, 'Diseno 3');
INSERT INTO OUTLET_Producto(Codigo_Producto, Tipo_Producto, Nombre_Producto, Stock, Precio_Unitario, Color_Producto)
    VALUES(249, 'Sabanas ', 'Juego de Sabanas Cannon 200Hilos 1.5Plazas', 1, 30000, 'Diseno 4');
INSERT INTO OUTLET_Producto(Codigo_Producto, Tipo_Producto, Nombre_Producto, Stock, Precio_Unitario, Color_Producto)
    VALUES(250, 'Sabanas ', 'Juego de Sabanas Cannon 200Hilos 2Plazas', 1, 32000, 'Cafe Claro');
INSERT INTO OUTLET_Producto(Codigo_Producto, Tipo_Producto, Nombre_Producto, Stock, Precio_Unitario, Color_Producto)
    VALUES(251, 'Sabanas', 'Juego de Sabanas Cannon 200Hilos 2Plazas', 2, 32000, 'Blanco y Diseno');
INSERT INTO OUTLET_Producto(Codigo_Producto, Tipo_Producto, Nombre_Producto, Stock, Precio_Unitario, Color_Producto)
    VALUES(252, 'Sabanas', 'Juego de Sabanas Cannon 200Hilos 2Plazas', 1, 32000, 'Blanco y Gris');
INSERT INTO OUTLET_Producto(Codigo_Producto, Tipo_Producto, Nombre_Producto, Stock, Precio_Unitario, Color_Producto)
    VALUES(253, 'Sabanas', 'Juego de Sabanas Cannon 200Hilos 2Plazas', 1, 32000, 'Diseno 1');
INSERT INTO OUTLET_Producto(Codigo_Producto, Tipo_Producto, Nombre_Producto, Stock, Precio_Unitario, Color_Producto)
    VALUES(254, 'Sabanas', 'Juego de Sabanas Cannon 200Hilos 2Plazas', 1, 32000, 'Diseno 2');
INSERT INTO OUTLET_Producto(Codigo_Producto, Tipo_Producto, Nombre_Producto, Stock, Precio_Unitario, Color_Producto)
    VALUES(255, 'Sabanas', 'Juego de Sabanas Cannon 200Hilos 2Plazas', 1, 32000, 'Blanco y Negro');
INSERT INTO OUTLET_Producto(Codigo_Producto, Tipo_Producto, Nombre_Producto, Stock, Precio_Unitario, Color_Producto)
    VALUES(256, 'Sabanas', 'Juego de Sabanas Cannon 200Hilos 2Plazas', 1, 32000, 'Gris y Cafe');
INSERT INTO OUTLET_Producto(Codigo_Producto, Tipo_Producto, Nombre_Producto, Stock, Precio_Unitario, Color_Producto)
    VALUES(257, 'Sabanas', 'Juego de Sabanas Cannon 200Hilos 2Plazas', 1, 32000, 'Azul y Blanco');
INSERT INTO OUTLET_Producto(Codigo_Producto, Tipo_Producto, Nombre_Producto, Stock, Precio_Unitario, Color_Producto)
    VALUES(258, 'Sabanas ', 'Juego de Sabanas Cannon Elements 180Hilos 2Plazas', 1, 32000, 'Gris Oscura');
INSERT INTO OUTLET_Producto(Codigo_Producto, Tipo_Producto, Nombre_Producto, Stock, Precio_Unitario, Color_Producto)
    VALUES(259, 'Sabanas ', 'Juego de Sabanas Cannon 200Hilos King', 1, 36000, 'Gris y Negro');
INSERT INTO OUTLET_Producto(Codigo_Producto, Tipo_Producto, Nombre_Producto, Stock, Precio_Unitario, Color_Producto)
    VALUES(260, 'Sabanas', 'Juego de Sabanas Cannon 200Hilos King', 1, 36000, 'Gris Claro y Oscuro');
INSERT INTO OUTLET_Producto(Codigo_Producto, Tipo_Producto, Nombre_Producto, Stock, Precio_Unitario, Color_Producto)
    VALUES(261, 'Sabanas', 'Juego de Sabanas Cannon 200Hilos King', 1, 36000, 'Blanco Floreado');
INSERT INTO OUTLET_Producto(Codigo_Producto, Tipo_Producto, Nombre_Producto, Stock, Precio_Unitario, Color_Producto)
    VALUES(262, 'Sabanas', 'Juego de Sabanas Cannon 200Hilos King', 1, 36000, 'Blanco y Verde');
INSERT INTO OUTLET_Producto(Codigo_Producto, Tipo_Producto, Nombre_Producto, Stock, Precio_Unitario, Color_Producto)
    VALUES(263, 'Sabanas', 'Juego de Sabanas Cannon 200Hilos King', 1, 36000, 'Blanco y Rosado');
INSERT INTO OUTLET_Producto(Codigo_Producto, Tipo_Producto, Nombre_Producto, Stock, Precio_Unitario, Color_Producto)
    VALUES(264, 'Mantas', 'Mantas Mashini Emboos 130x160', 2, 10000, 'Mostaza');
INSERT INTO OUTLET_Producto(Codigo_Producto, Tipo_Producto, Nombre_Producto, Stock, Precio_Unitario, Color_Producto)
    VALUES(265, 'Mantas', 'Mantas Mashini Emboos 130x160', 2, 10000, 'Gris');
INSERT INTO OUTLET_Producto(Codigo_Producto, Tipo_Producto, Nombre_Producto, Stock, Precio_Unitario, Color_Producto)
    VALUES(266, 'Visillos ', 'Visillo Bordado Velutti 140x220', 4, 15000, 'Blanco');
INSERT INTO OUTLET_Producto(Codigo_Producto, Tipo_Producto, Nombre_Producto, Stock, Precio_Unitario, Color_Producto)
    VALUES(267, 'Visillos ', 'Visillo Rustico Linelook 140x220', 20, 8000, 'Blanco');
INSERT INTO OUTLET_Producto(Codigo_Producto, Tipo_Producto, Nombre_Producto, Stock, Precio_Unitario, Color_Producto)
    VALUES(268, 'Cubrecolchon', 'Cubrecolchon Cannon AmericanFamily  2Plazas ', 3, 14000, 'Blanco');
INSERT INTO OUTLET_Producto(Codigo_Producto, Tipo_Producto, Nombre_Producto, Stock, Precio_Unitario, Color_Producto)
    VALUES(269, 'Cubrecolchon', 'Cubrecolchon Cannon AmericanFamily  1.5Plazas ', 3, 12000, 'Blanco');
INSERT INTO OUTLET_Producto(Codigo_Producto, Tipo_Producto, Nombre_Producto, Stock, Precio_Unitario, Color_Producto)
    VALUES(270, 'Toallas ', 'Set toallas Cannon AmericanFamily 4 Piezas', 2, 16000, 'Verde');
INSERT INTO OUTLET_Producto(Codigo_Producto, Tipo_Producto, Nombre_Producto, Stock, Precio_Unitario, Color_Producto)
    VALUES(271, 'Toallas ', 'Set toallas Cannon AmericanFamily 4 Piezas', 1, 16000, 'Celeste Claro');
INSERT INTO OUTLET_Producto(Codigo_Producto, Tipo_Producto, Nombre_Producto, Stock, Precio_Unitario, Color_Producto)
    VALUES(272, 'Toallas ', 'Set toallas Cannon AmericanFamily 2 Piezas', 3, 10000, 'Calipso');
INSERT INTO OUTLET_Producto(Codigo_Producto, Tipo_Producto, Nombre_Producto, Stock, Precio_Unitario, Color_Producto)
    VALUES(273, 'Toallas ', 'Set toallas Cannon AmericanFamily 2 Piezas', 2, 10000, 'Gris');
INSERT INTO OUTLET_Producto(Codigo_Producto, Tipo_Producto, Nombre_Producto, Stock, Precio_Unitario, Color_Producto)
    VALUES(274, 'Toallas ', 'Set toallas Cannon AmericanFamily 2 Piezas', 2, 10000, 'Celeste');
INSERT INTO OUTLET_Producto(Codigo_Producto, Tipo_Producto, Nombre_Producto, Stock, Precio_Unitario, Color_Producto)
    VALUES(275, 'Toallas ', 'Set toallas Cannon AmericanFamily 2 Piezas', 3, 10000, 'Rosado');
INSERT INTO OUTLET_Producto(Codigo_Producto, Tipo_Producto, Nombre_Producto, Stock, Precio_Unitario, Color_Producto)
    VALUES(276, 'Cortinas ', 'Cortina Doral 140x220 Isidora ', 3, 24000, 'Morado');
INSERT INTO OUTLET_Producto(Codigo_Producto, Tipo_Producto, Nombre_Producto, Stock, Precio_Unitario, Color_Producto)
    VALUES(277, 'Cortinas ', 'Cortina Doral 140x220 Isidora', 2, 24000, 'Cafe');
INSERT INTO OUTLET_Producto(Codigo_Producto, Tipo_Producto, Nombre_Producto, Stock, Precio_Unitario, Color_Producto)
    VALUES(278, 'Cortinas', 'Cortina Doral 140x220 Camila', 2, 18000, 'Verde');
INSERT INTO OUTLET_Producto(Codigo_Producto, Tipo_Producto, Nombre_Producto, Stock, Precio_Unitario, Color_Producto)
    VALUES(279, 'Cortinas', 'Cortina Doral 140x220 Camila', 2, 18000, 'Mostaza');
INSERT INTO OUTLET_Producto(Codigo_Producto, Tipo_Producto, Nombre_Producto, Stock, Precio_Unitario, Color_Producto)
    VALUES(280, 'Cortinas', 'Cortina Doral 140x220 Camila', 6, 18000, 'Gris');
INSERT INTO OUTLET_Producto(Codigo_Producto, Tipo_Producto, Nombre_Producto, Stock, Precio_Unitario, Color_Producto)
    VALUES(281, 'Cortinas', 'Cortina Doral 140x220 Camila', 2, 18000, 'Burdeo');
INSERT INTO OUTLET_Producto(Codigo_Producto, Tipo_Producto, Nombre_Producto, Stock, Precio_Unitario, Color_Producto)
    VALUES(282, 'Cortinas', 'Cortina Doral 140x220 Camila', 2, 18000, 'Cafe');
INSERT INTO OUTLET_Producto(Codigo_Producto, Tipo_Producto, Nombre_Producto, Stock, Precio_Unitario, Color_Producto)
    VALUES(283, 'Cortinas', 'Cortina Doral 140x220 Camila', 1, 18000, 'Verde Claro');
INSERT INTO OUTLET_Producto(Codigo_Producto, Tipo_Producto, Nombre_Producto, Stock, Precio_Unitario, Color_Producto)
    VALUES(284, 'Cortinas', 'Cortina Doral 140x220 Isidora', 1, 24000, 'Azul');
INSERT INTO OUTLET_Producto(Codigo_Producto, Tipo_Producto, Nombre_Producto, Stock, Precio_Unitario, Color_Producto)
    VALUES(285, 'Cortinas', 'Cortina Doral Victoria BlackOut 8 Piezas', 6, 22000, 'Hueso');
INSERT INTO OUTLET_Producto(Codigo_Producto, Tipo_Producto, Nombre_Producto, Stock, Precio_Unitario, Color_Producto)
    VALUES(286, 'Cortinas', 'Cortina Doral Victoria BlackOut 8 Piezas', 1, 22000, 'Gris');
INSERT INTO OUTLET_Producto(Codigo_Producto, Tipo_Producto, Nombre_Producto, Stock, Precio_Unitario, Color_Producto)
    VALUES(287, 'Cortinas', 'Cortina Doral Victoria BlackOut 8 Piezas', 1, 22000, 'Azul');
INSERT INTO OUTLET_Producto(Codigo_Producto, Tipo_Producto, Nombre_Producto, Stock, Precio_Unitario, Color_Producto)
    VALUES(288, 'Cortinas ', 'Cortina Granulado 140x220 ', 2, 14000, 'Beige');
INSERT INTO OUTLET_Producto(Codigo_Producto, Tipo_Producto, Nombre_Producto, Stock, Precio_Unitario, Color_Producto)
    VALUES(289, 'Cortinas ', 'Cortina Oxford 140x220', 4, 14000, 'Beige');
INSERT INTO OUTLET_Producto(Codigo_Producto, Tipo_Producto, Nombre_Producto, Stock, Precio_Unitario, Color_Producto)
    VALUES(290, 'Cortinas', 'Cortina Crepe 140x220', 1, 14000, 'Beige');
INSERT INTO OUTLET_Producto(Codigo_Producto, Tipo_Producto, Nombre_Producto, Stock, Precio_Unitario, Color_Producto)
    VALUES(291, 'Cortinas', 'Cortina Crepe 140x220', 1, 14000, 'Cafe');
INSERT INTO OUTLET_Producto(Codigo_Producto, Tipo_Producto, Nombre_Producto, Stock, Precio_Unitario, Color_Producto)
    VALUES(292, 'Toallas ', 'Toallas Mashini Aqua 2 Piezas', 1, 12000, 'Amarillo');
INSERT INTO OUTLET_Producto(Codigo_Producto, Tipo_Producto, Nombre_Producto, Stock, Precio_Unitario, Color_Producto)
    VALUES(293, 'Toallas ', 'Toallas Mashini Aqua 2 Piezas', 3, 12000, 'Blanco');
INSERT INTO OUTLET_Producto(Codigo_Producto, Tipo_Producto, Nombre_Producto, Stock, Precio_Unitario, Color_Producto)
    VALUES(294, 'Toallas ', 'Toalla de playa Ninos Elsa Frozen ', 1, 6000, 'Diseno');
INSERT INTO OUTLET_Producto(Codigo_Producto, Tipo_Producto, Nombre_Producto, Stock, Precio_Unitario, Color_Producto)
    VALUES(295, 'Toallas ', 'Toalla de playa Ninos Frozen', 1, 6000, 'Diseno');
INSERT INTO OUTLET_Producto(Codigo_Producto, Tipo_Producto, Nombre_Producto, Stock, Precio_Unitario, Color_Producto)
    VALUES(296, 'Toallas', 'Toalla de playa Ninos Paw Patrol con bolsa rosa', 3, 8000, 'Rosado');
INSERT INTO OUTLET_Producto(Codigo_Producto, Tipo_Producto, Nombre_Producto, Stock, Precio_Unitario, Color_Producto)
    VALUES(297, 'Toallas ', 'Toalla de playa ninos StarWars con bolsa azul', 2, 8000, 'Azul');
INSERT INTO OUTLET_Producto(Codigo_Producto, Tipo_Producto, Nombre_Producto, Stock, Precio_Unitario, Color_Producto)
    VALUES(298, 'Toallas', 'Toalla de playa Ninos Paw Patrol con bolsa azul', 3, 8000, 'Azul');
INSERT INTO OUTLET_Producto(Codigo_Producto, Tipo_Producto, Nombre_Producto, Stock, Precio_Unitario, Color_Producto)
    VALUES(299, 'Toallas', 'Toalla de playa Ninos Mickey Mouse con bola verde', 2, 8000, 'Verde');
INSERT INTO OUTLET_Producto(Codigo_Producto, Tipo_Producto, Nombre_Producto, Stock, Precio_Unitario, Color_Producto)
    VALUES(300, 'Toallas', 'Toalla de playa Ninos Mickey Mouse con bola Negra', 2, 8000, 'Negro');
INSERT INTO OUTLET_Producto(Codigo_Producto, Tipo_Producto, Nombre_Producto, Stock, Precio_Unitario, Color_Producto)
    VALUES(301, 'Mantas', 'Manta Ninos Frozen 115x130', 3, 6000, 'Celeste');
INSERT INTO OUTLET_Producto(Codigo_Producto, Tipo_Producto, Nombre_Producto, Stock, Precio_Unitario, Color_Producto)
    VALUES(302, 'Mantas', 'Manta Ninos Paw Patrol 115x130', 3, 6000, 'Rosado');
INSERT INTO OUTLET_Producto(Codigo_Producto, Tipo_Producto, Nombre_Producto, Stock, Precio_Unitario, Color_Producto)
    VALUES(303, 'Sabanas Polar', 'Juego de Sabanas Polar Mashini 2Plazas', 1, 16000, 'Rosado');
INSERT INTO OUTLET_Producto(Codigo_Producto, Tipo_Producto, Nombre_Producto, Stock, Precio_Unitario, Color_Producto)
    VALUES(304, 'Sabanas Polar', 'Juego de Sabanas Polar Mashini 2Plazas', 1, 16000, 'Rosado Claro');
INSERT INTO OUTLET_Producto(Codigo_Producto, Tipo_Producto, Nombre_Producto, Stock, Precio_Unitario, Color_Producto)
    VALUES(305, 'Sabanas Polar', 'Juego de Sabanas Polar Mashini 2Plazas', 1, 16000, 'Amarillo');
INSERT INTO OUTLET_Producto(Codigo_Producto, Tipo_Producto, Nombre_Producto, Stock, Precio_Unitario, Color_Producto)
    VALUES(306, 'Sabanas Polar', 'Juego de Sabanas Polar Mashini 2Plazas', 1, 16000, 'Verde');
INSERT INTO OUTLET_Producto(Codigo_Producto, Tipo_Producto, Nombre_Producto, Stock, Precio_Unitario, Color_Producto)
    VALUES(307, 'Sabanas Polar', 'Juego de Sabanas Polar Mashini 2Plazas', 1, 16000, 'Gris Oscuro');
INSERT INTO OUTLET_Producto(Codigo_Producto, Tipo_Producto, Nombre_Producto, Stock, Precio_Unitario, Color_Producto)
    VALUES(308, 'Almohadas', 'Almohada Cannon DownAlernative King 50x90', 5, 18000, 'Blanco');
INSERT INTO OUTLET_Producto(Codigo_Producto, Tipo_Producto, Nombre_Producto, Stock, Precio_Unitario, Color_Producto)
    VALUES(309, 'Almohadas', 'Almohada Cannon DownAlernative 50x70', 8, 16000, 'Blanco');
INSERT INTO OUTLET_Producto(Codigo_Producto, Tipo_Producto, Nombre_Producto, Stock, Precio_Unitario, Color_Producto)
    VALUES(310, 'Set de Bano', 'Set Cortina de Banos ONA', 2, 18000, 'Azul');
INSERT INTO OUTLET_Producto(Codigo_Producto, Tipo_Producto, Nombre_Producto, Stock, Precio_Unitario, Color_Producto)
    VALUES(311, 'Set de Bano', 'Set Cortina de Banos ONA', 2, 18000, 'Morado');
INSERT INTO OUTLET_Producto(Codigo_Producto, Tipo_Producto, Nombre_Producto, Stock, Precio_Unitario, Color_Producto)
    VALUES(312, 'Set de Bano', 'Set Cortina de Banos ONA', 2, 18000, 'Verde');
INSERT INTO OUTLET_Producto(Codigo_Producto, Tipo_Producto, Nombre_Producto, Stock, Precio_Unitario, Color_Producto)
    VALUES(313, 'Set de Bano', 'Set Cortina de Banos ONA', 2, 18000, 'Rojo');
INSERT INTO OUTLET_Producto(Codigo_Producto, Tipo_Producto, Nombre_Producto, Stock, Precio_Unitario, Color_Producto)
    VALUES(314, 'Set de Bano', 'Set Cortina de Banos Doral', 1, 18000, 'Calipso');
INSERT INTO OUTLET_Producto(Codigo_Producto, Tipo_Producto, Nombre_Producto, Stock, Precio_Unitario, Color_Producto)
    VALUES(315, 'Set de Bano', 'Set Cortina de Banos Doral', 1, 18000, 'Gris Claro');
INSERT INTO OUTLET_Producto(Codigo_Producto, Tipo_Producto, Nombre_Producto, Stock, Precio_Unitario, Color_Producto)
    VALUES(316, 'Set de Bano', 'Set Cortina de Banos Doral', 1, 18000, 'Gris');
INSERT INTO OUTLET_Producto(Codigo_Producto, Tipo_Producto, Nombre_Producto, Stock, Precio_Unitario, Color_Producto)
    VALUES(317, 'Set de Bano', 'Set Cortina de Banos Doral', 1, 18000, 'Cafe');
INSERT INTO OUTLET_Producto(Codigo_Producto, Tipo_Producto, Nombre_Producto, Stock, Precio_Unitario, Color_Producto)
    VALUES(318, 'Almohadas', 'Almohadas Doral 50x70', 40, 10000, 'Blanco');

DELETE FROM OUTLET_PRODUCTO


INSERT INTO OUTLET_REGION(CODIGO_REGION,NOMBRE_REGION)
        VALUES(1, 'Arica y Parinacota');
INSERT INTO OUTLET_REGION(CODIGO_REGION,NOMBRE_REGION)
        VALUES(2, 'Tarapacá');
INSERT INTO OUTLET_REGION(CODIGO_REGION,NOMBRE_REGION)
        VALUES(3, 'Antofagasta');
INSERT INTO OUTLET_REGION(CODIGO_REGION,NOMBRE_REGION)
        VALUES(4, 'Atacama');
INSERT INTO OUTLET_REGION(CODIGO_REGION,NOMBRE_REGION)
        VALUES(5, 'Coquimbo');
INSERT INTO OUTLET_REGION(CODIGO_REGION,NOMBRE_REGION)
        VALUES(6, 'Valparaíso');
INSERT INTO OUTLET_REGION(CODIGO_REGION,NOMBRE_REGION)
        VALUES(7, 'Metropolitana');
INSERT INTO OUTLET_REGION(CODIGO_REGION,NOMBRE_REGION)
        VALUES(8, 'OHiggins');
INSERT INTO OUTLET_REGION(CODIGO_REGION,NOMBRE_REGION)
        VALUES(9, 'Maule');
INSERT INTO OUTLET_REGION(CODIGO_REGION,NOMBRE_REGION)
        VALUES(10, 'Ñuble');
INSERT INTO OUTLET_REGION(CODIGO_REGION,NOMBRE_REGION)
        VALUES(11, 'Biobío');
INSERT INTO OUTLET_REGION(CODIGO_REGION,NOMBRE_REGION)
        VALUES(12, 'La Araucanía');
INSERT INTO OUTLET_REGION(CODIGO_REGION,NOMBRE_REGION)
        VALUES(13, 'Los Ríos');
INSERT INTO OUTLET_REGION(CODIGO_REGION,NOMBRE_REGION)
        VALUES(14, 'Los Lagos');
INSERT INTO OUTLET_REGION(CODIGO_REGION,NOMBRE_REGION)
        VALUES(15, 'Aysén');
INSERT INTO OUTLET_REGION(CODIGO_REGION,NOMBRE_REGION)
        VALUES(16, 'Magallanes');

--Ciudades para ARICA Y PARINACOTA
INSERT INTO OUTLET_CIUDAD(CODIGO_CIUDAD,Nombre_Ciudad,Codigo_Region)
        VALUES(1, 'Arica',1);
INSERT INTO OUTLET_CIUDAD(CODIGO_CIUDAD,Nombre_Ciudad,Codigo_Region)
        VALUES(2, 'Camarones',1);
INSERT INTO OUTLET_CIUDAD(CODIGO_CIUDAD,Nombre_Ciudad,Codigo_Region)
        VALUES(3, 'General Lagos',1);
INSERT INTO OUTLET_CIUDAD(CODIGO_CIUDAD,Nombre_Ciudad,Codigo_Region)
        VALUES(4, 'Putre',1);

--CIUDADES PARA Tarapaca
INSERT INTO OUTLET_CIUDAD(CODIGO_CIUDAD,Nombre_Ciudad,Codigo_Region)
        VALUES(5, 'Alto Hospicio',2);
INSERT INTO OUTLET_CIUDAD(CODIGO_CIUDAD,Nombre_Ciudad,Codigo_Region)
        VALUES(6, 'Iquique',2);  
INSERT INTO OUTLET_CIUDAD(CODIGO_CIUDAD,Nombre_Ciudad,Codigo_Region)
        VALUES(7, 'Camiña',2);
INSERT INTO OUTLET_CIUDAD(CODIGO_CIUDAD,Nombre_Ciudad,Codigo_Region)
        VALUES(8, 'Colchane',2);
INSERT INTO OUTLET_CIUDAD(CODIGO_CIUDAD,Nombre_Ciudad,Codigo_Region)
        VALUES(9, 'Huara',2);
INSERT INTO OUTLET_CIUDAD(CODIGO_CIUDAD,Nombre_Ciudad,Codigo_Region)
        VALUES(10, 'Pica',2);
INSERT INTO OUTLET_CIUDAD(CODIGO_CIUDAD,Nombre_Ciudad,Codigo_Region)
        VALUES(11, 'Pozo Almonte',2);

--Ciudades para Antofagasta
INSERT INTO OUTLET_CIUDAD(CODIGO_CIUDAD,Nombre_Ciudad,Codigo_Region)
        VALUES(12, 'Antofagasta',3);
INSERT INTO OUTLET_CIUDAD(CODIGO_CIUDAD,Nombre_Ciudad,Codigo_Region)
        VALUES(13, 'Mejillones',3);
INSERT INTO OUTLET_CIUDAD(CODIGO_CIUDAD,Nombre_Ciudad,Codigo_Region)
        VALUES(14, 'Sierra Gorda',3);
INSERT INTO OUTLET_CIUDAD(CODIGO_CIUDAD,Nombre_Ciudad,Codigo_Region)
        VALUES(15, 'Taltal',3);
INSERT INTO OUTLET_CIUDAD(CODIGO_CIUDAD,Nombre_Ciudad,Codigo_Region)
        VALUES(16, 'Calama',3);
INSERT INTO OUTLET_CIUDAD(CODIGO_CIUDAD,Nombre_Ciudad,Codigo_Region)
        VALUES(17, 'Ollagüe',3);
INSERT INTO OUTLET_CIUDAD(CODIGO_CIUDAD,Nombre_Ciudad,Codigo_Region)
        VALUES(18, 'San Pedro de Atacama',3);
INSERT INTO OUTLET_CIUDAD(CODIGO_CIUDAD,Nombre_Ciudad,Codigo_Region)
        VALUES(19, 'Maria Elena',3);
INSERT INTO OUTLET_CIUDAD(CODIGO_CIUDAD,Nombre_Ciudad,Codigo_Region)
        VALUES(20, 'Tocopilla',3);

--Ciudades para Atacama

INSERT INTO OUTLET_CIUDAD(CODIGO_CIUDAD,Nombre_Ciudad,Codigo_Region)
        VALUES(21, 'Chañaral',4);
INSERT INTO OUTLET_CIUDAD(CODIGO_CIUDAD,Nombre_Ciudad,Codigo_Region)
        VALUES(22, 'Diego de Almagro',4);
INSERT INTO OUTLET_CIUDAD(CODIGO_CIUDAD,Nombre_Ciudad,Codigo_Region)
        VALUES(23, 'Caldera',4);
INSERT INTO OUTLET_CIUDAD(CODIGO_CIUDAD,Nombre_Ciudad,Codigo_Region)
        VALUES(24, 'Copiapo',4);
INSERT INTO OUTLET_CIUDAD(CODIGO_CIUDAD,Nombre_Ciudad,Codigo_Region)
        VALUES(25, 'Tierra Amarilla',4);
INSERT INTO OUTLET_CIUDAD(CODIGO_CIUDAD,Nombre_Ciudad,Codigo_Region)
        VALUES(26, 'Alto del Carmen',4);
INSERT INTO OUTLET_CIUDAD(CODIGO_CIUDAD,Nombre_Ciudad,Codigo_Region)
        VALUES(27, 'Freirina',4);
INSERT INTO OUTLET_CIUDAD(CODIGO_CIUDAD,Nombre_Ciudad,Codigo_Region)
        VALUES(28, 'Huasco',4);
INSERT INTO OUTLET_CIUDAD(CODIGO_CIUDAD,Nombre_Ciudad,Codigo_Region)
        VALUES(29, 'Vallenar',4);

--Ciudades de Coquimbo

INSERT INTO OUTLET_CIUDAD(CODIGO_CIUDAD,Nombre_Ciudad,Codigo_Region)
        VALUES(30, 'Andacollo',5);
INSERT INTO OUTLET_CIUDAD(CODIGO_CIUDAD,Nombre_Ciudad,Codigo_Region)
        VALUES(31, 'Coquimbo',5);
INSERT INTO OUTLET_CIUDAD(CODIGO_CIUDAD,Nombre_Ciudad,Codigo_Region)
        VALUES(32, 'La Higuera',5);
INSERT INTO OUTLET_CIUDAD(CODIGO_CIUDAD,Nombre_Ciudad,Codigo_Region)
        VALUES(33, 'La Serena',5);
INSERT INTO OUTLET_CIUDAD(CODIGO_CIUDAD,Nombre_Ciudad,Codigo_Region)
        VALUES(34, 'Paihuano',5);
INSERT INTO OUTLET_CIUDAD(CODIGO_CIUDAD,Nombre_Ciudad,Codigo_Region)
        VALUES(35, 'Vicuña',5);
INSERT INTO OUTLET_CIUDAD(CODIGO_CIUDAD,Nombre_Ciudad,Codigo_Region)
        VALUES(36, 'Combarbala',5);
INSERT INTO OUTLET_CIUDAD(CODIGO_CIUDAD,Nombre_Ciudad,Codigo_Region)
        VALUES(37, 'Monte Patria',5);
INSERT INTO OUTLET_CIUDAD(CODIGO_CIUDAD,Nombre_Ciudad,Codigo_Region)
        VALUES(38, 'Ovalle',5);
INSERT INTO OUTLET_CIUDAD(CODIGO_CIUDAD,Nombre_Ciudad,Codigo_Region)
        VALUES(39, 'Punitaqui',5);
INSERT INTO OUTLET_CIUDAD(CODIGO_CIUDAD,Nombre_Ciudad,Codigo_Region)
        VALUES(40, 'Rio Hurtado',5);
INSERT INTO OUTLET_CIUDAD(CODIGO_CIUDAD,Nombre_Ciudad,Codigo_Region)
        VALUES(41, 'Canela',5);
INSERT INTO OUTLET_CIUDAD(CODIGO_CIUDAD,Nombre_Ciudad,Codigo_Region)
        VALUES(42, 'Illapel',5);
INSERT INTO OUTLET_CIUDAD(CODIGO_CIUDAD,Nombre_Ciudad,Codigo_Region)
        VALUES(43, 'Los Vilos',5);
INSERT INTO OUTLET_CIUDAD(CODIGO_CIUDAD,Nombre_Ciudad,Codigo_Region)
        VALUES(44, 'Salamanca',5);


--Regiones para Valparaiso
INSERT INTO OUTLET_CIUDAD(CODIGO_CIUDAD,Nombre_Ciudad,Codigo_Region)
        VALUES(45, 'Rapa nui',6);

INSERT INTO OUTLET_CIUDAD(CODIGO_CIUDAD,Nombre_Ciudad,Codigo_Region)
        VALUES(46, 'Calle Larga',6);
INSERT INTO OUTLET_CIUDAD(CODIGO_CIUDAD,Nombre_Ciudad,Codigo_Region)
        VALUES(47, 'Los Andes',6);
INSERT INTO OUTLET_CIUDAD(CODIGO_CIUDAD,Nombre_Ciudad,Codigo_Region)
        VALUES(48, 'Rinconada',6);
INSERT INTO OUTLET_CIUDAD(CODIGO_CIUDAD,Nombre_Ciudad,Codigo_Region)
        VALUES(49, 'San Esteban',6);

INSERT INTO OUTLET_CIUDAD(CODIGO_CIUDAD,Nombre_Ciudad,Codigo_Region)
        VALUES(50, 'Cabildo',6);
INSERT INTO OUTLET_CIUDAD(CODIGO_CIUDAD,Nombre_Ciudad,Codigo_Region)
        VALUES(51, 'La Ligua',6);
INSERT INTO OUTLET_CIUDAD(CODIGO_CIUDAD,Nombre_Ciudad,Codigo_Region)
        VALUES(52, 'Papudo',6);
INSERT INTO OUTLET_CIUDAD(CODIGO_CIUDAD,Nombre_Ciudad,Codigo_Region)
        VALUES(53, 'Petorca',6);
INSERT INTO OUTLET_CIUDAD(CODIGO_CIUDAD,Nombre_Ciudad,Codigo_Region)
        VALUES(54, 'Zapallar',6);

INSERT INTO OUTLET_CIUDAD(CODIGO_CIUDAD,Nombre_Ciudad,Codigo_Region)
        VALUES(55, 'Hijuelas',6);
INSERT INTO OUTLET_CIUDAD(CODIGO_CIUDAD,Nombre_Ciudad,Codigo_Region)
        VALUES(56, 'La Calera',6);
INSERT INTO OUTLET_CIUDAD(CODIGO_CIUDAD,Nombre_Ciudad,Codigo_Region)
        VALUES(57, 'La Cruz',6);
INSERT INTO OUTLET_CIUDAD(CODIGO_CIUDAD,Nombre_Ciudad,Codigo_Region)
        VALUES(58, 'Nogales',6);
INSERT INTO OUTLET_CIUDAD(CODIGO_CIUDAD,Nombre_Ciudad,Codigo_Region)
        VALUES(59, 'Quillota',6);

INSERT INTO OUTLET_CIUDAD(CODIGO_CIUDAD,Nombre_Ciudad,Codigo_Region)
        VALUES(60, 'Algarrobo',6);
INSERT INTO OUTLET_CIUDAD(CODIGO_CIUDAD,Nombre_Ciudad,Codigo_Region)
        VALUES(61, 'Cartagena',6);
INSERT INTO OUTLET_CIUDAD(CODIGO_CIUDAD,Nombre_Ciudad,Codigo_Region)
        VALUES(62, 'El Quisco',6);
INSERT INTO OUTLET_CIUDAD(CODIGO_CIUDAD,Nombre_Ciudad,Codigo_Region)
        VALUES(63, 'El Tabo',6);
INSERT INTO OUTLET_CIUDAD(CODIGO_CIUDAD,Nombre_Ciudad,Codigo_Region)
        VALUES(64, 'San Antonio',6);
INSERT INTO OUTLET_CIUDAD(CODIGO_CIUDAD,Nombre_Ciudad,Codigo_Region)
        VALUES(65, 'Santo Domingo',6);

INSERT INTO OUTLET_CIUDAD(CODIGO_CIUDAD,Nombre_Ciudad,Codigo_Region)
        VALUES(66, 'Catemu',6);
INSERT INTO OUTLET_CIUDAD(CODIGO_CIUDAD,Nombre_Ciudad,Codigo_Region)
        VALUES(67, 'Llay-Llay',6);
INSERT INTO OUTLET_CIUDAD(CODIGO_CIUDAD,Nombre_Ciudad,Codigo_Region)
        VALUES(68, 'Panquehue',6);
INSERT INTO OUTLET_CIUDAD(CODIGO_CIUDAD,Nombre_Ciudad,Codigo_Region)
        VALUES(69, 'Putaendo',6);
INSERT INTO OUTLET_CIUDAD(CODIGO_CIUDAD,Nombre_Ciudad,Codigo_Region)
        VALUES(70, 'San Felipe',6);
INSERT INTO OUTLET_CIUDAD(CODIGO_CIUDAD,Nombre_Ciudad,Codigo_Region)
        VALUES(71, 'Santa Maria',6);

INSERT INTO OUTLET_CIUDAD(CODIGO_CIUDAD,Nombre_Ciudad,Codigo_Region)
        VALUES(72, 'Casablanca',6);
INSERT INTO OUTLET_CIUDAD(CODIGO_CIUDAD,Nombre_Ciudad,Codigo_Region)
        VALUES(73, 'Concon',6);
INSERT INTO OUTLET_CIUDAD(CODIGO_CIUDAD,Nombre_Ciudad,Codigo_Region)
        VALUES(74, 'Juan Fernandez',6);
INSERT INTO OUTLET_CIUDAD(CODIGO_CIUDAD,Nombre_Ciudad,Codigo_Region)
        VALUES(75, 'Puchuncavi',6);
INSERT INTO OUTLET_CIUDAD(CODIGO_CIUDAD,Nombre_Ciudad,Codigo_Region)
        VALUES(76, 'Quintero',6);
INSERT INTO OUTLET_CIUDAD(CODIGO_CIUDAD,Nombre_Ciudad,Codigo_Region)
        VALUES(77, 'Valparaiso',6);
INSERT INTO OUTLET_CIUDAD(CODIGO_CIUDAD,Nombre_Ciudad,Codigo_Region)
        VALUES(78, 'Viña del Mar',6);

INSERT INTO OUTLET_CIUDAD(CODIGO_CIUDAD,Nombre_Ciudad,Codigo_Region)
        VALUES(79, 'Limache',6);
INSERT INTO OUTLET_CIUDAD(CODIGO_CIUDAD,Nombre_Ciudad,Codigo_Region)
        VALUES(80, 'Olmue',6);
INSERT INTO OUTLET_CIUDAD(CODIGO_CIUDAD,Nombre_Ciudad,Codigo_Region)
        VALUES(81, 'Quilpue',6);
INSERT INTO OUTLET_CIUDAD(CODIGO_CIUDAD,Nombre_Ciudad,Codigo_Region)
        VALUES(82, 'Villa Alemana',6);

--Ciudades para Metropolitana
INSERT INTO OUTLET_CIUDAD(CODIGO_CIUDAD,Nombre_Ciudad,Codigo_Region)
        VALUES(83, 'Colina',7);
INSERT INTO OUTLET_CIUDAD(CODIGO_CIUDAD,Nombre_Ciudad,Codigo_Region)
        VALUES(84, 'Lampa',7);
INSERT INTO OUTLET_CIUDAD(CODIGO_CIUDAD,Nombre_Ciudad,Codigo_Region)
        VALUES(85, 'Til Til',7);

INSERT INTO OUTLET_CIUDAD(CODIGO_CIUDAD,Nombre_Ciudad,Codigo_Region)
        VALUES(86, 'Pirque',7);
INSERT INTO OUTLET_CIUDAD(CODIGO_CIUDAD,Nombre_Ciudad,Codigo_Region)
        VALUES(87, 'Puente Alto',7);
INSERT INTO OUTLET_CIUDAD(CODIGO_CIUDAD,Nombre_Ciudad,Codigo_Region)
        VALUES(88, 'San Jose de Maipo',7);

INSERT INTO OUTLET_CIUDAD(CODIGO_CIUDAD,Nombre_Ciudad,Codigo_Region)
        VALUES(89, 'Buin',7);
INSERT INTO OUTLET_CIUDAD(CODIGO_CIUDAD,Nombre_Ciudad,Codigo_Region)
        VALUES(90, 'Calera de Tango',7);
INSERT INTO OUTLET_CIUDAD(CODIGO_CIUDAD,Nombre_Ciudad,Codigo_Region)
        VALUES(91, 'Paine',7);
INSERT INTO OUTLET_CIUDAD(CODIGO_CIUDAD,Nombre_Ciudad,Codigo_Region)
        VALUES(92, 'San Bernardo',7);

INSERT INTO OUTLET_CIUDAD(CODIGO_CIUDAD,Nombre_Ciudad,Codigo_Region)
        VALUES(93, 'Alhue',7);
INSERT INTO OUTLET_CIUDAD(CODIGO_CIUDAD,Nombre_Ciudad,Codigo_Region)
        VALUES(94, 'Curacavi',7);
INSERT INTO OUTLET_CIUDAD(CODIGO_CIUDAD,Nombre_Ciudad,Codigo_Region)
        VALUES(95, 'Maria Pinto',7);
INSERT INTO OUTLET_CIUDAD(CODIGO_CIUDAD,Nombre_Ciudad,Codigo_Region)
        VALUES(96, 'Melipilla',7);
INSERT INTO OUTLET_CIUDAD(CODIGO_CIUDAD,Nombre_Ciudad,Codigo_Region)
        VALUES(97, 'San Pedro',7);

INSERT INTO OUTLET_CIUDAD(CODIGO_CIUDAD,Nombre_Ciudad,Codigo_Region)
        VALUES(98, 'Cerrillos',7);
INSERT INTO OUTLET_CIUDAD(CODIGO_CIUDAD,Nombre_Ciudad,Codigo_Region)
        VALUES(99, 'Cerro Navia',7);
INSERT INTO OUTLET_CIUDAD(CODIGO_CIUDAD,Nombre_Ciudad,Codigo_Region)
        VALUES(100, 'Conchali',7);
INSERT INTO OUTLET_CIUDAD(CODIGO_CIUDAD,Nombre_Ciudad,Codigo_Region)
        VALUES(101, 'El Bosque',7);
INSERT INTO OUTLET_CIUDAD(CODIGO_CIUDAD,Nombre_Ciudad,Codigo_Region)
        VALUES(102, 'Estacion Central',7);
INSERT INTO OUTLET_CIUDAD(CODIGO_CIUDAD,Nombre_Ciudad,Codigo_Region)
        VALUES(103, 'Huechuraba',7);
INSERT INTO OUTLET_CIUDAD(CODIGO_CIUDAD,Nombre_Ciudad,Codigo_Region)
        VALUES(104, 'Independencia',7);
INSERT INTO OUTLET_CIUDAD(CODIGO_CIUDAD,Nombre_Ciudad,Codigo_Region)
        VALUES(105, 'La Cisterna',7);
INSERT INTO OUTLET_CIUDAD(CODIGO_CIUDAD,Nombre_Ciudad,Codigo_Region)
        VALUES(106, 'La Granja',7);
INSERT INTO OUTLET_CIUDAD(CODIGO_CIUDAD,Nombre_Ciudad,Codigo_Region)
        VALUES(107, 'La Florida',7);
INSERT INTO OUTLET_CIUDAD(CODIGO_CIUDAD,Nombre_Ciudad,Codigo_Region)
        VALUES(108, 'La Pintana',7);
INSERT INTO OUTLET_CIUDAD(CODIGO_CIUDAD,Nombre_Ciudad,Codigo_Region)
        VALUES(109, 'La Reina',7);
INSERT INTO OUTLET_CIUDAD(CODIGO_CIUDAD,Nombre_Ciudad,Codigo_Region)
        VALUES(110, 'Las Condes',7);
INSERT INTO OUTLET_CIUDAD(CODIGO_CIUDAD,Nombre_Ciudad,Codigo_Region)
        VALUES(111, 'Lo Barnechea',7);
INSERT INTO OUTLET_CIUDAD(CODIGO_CIUDAD,Nombre_Ciudad,Codigo_Region)
        VALUES(112, 'Lo Espejo',7);
INSERT INTO OUTLET_CIUDAD(CODIGO_CIUDAD,Nombre_Ciudad,Codigo_Region)
        VALUES(113, 'Lo Prado',7);
INSERT INTO OUTLET_CIUDAD(CODIGO_CIUDAD,Nombre_Ciudad,Codigo_Region)
        VALUES(114, 'Macul',7);
INSERT INTO OUTLET_CIUDAD(CODIGO_CIUDAD,Nombre_Ciudad,Codigo_Region)
        VALUES(115, 'Maipu',7);
INSERT INTO OUTLET_CIUDAD(CODIGO_CIUDAD,Nombre_Ciudad,Codigo_Region)
        VALUES(116, 'Ñuñoa',7);
INSERT INTO OUTLET_CIUDAD(CODIGO_CIUDAD,Nombre_Ciudad,Codigo_Region)
        VALUES(117, 'Pedro Aguirre Cerda',7);
INSERT INTO OUTLET_CIUDAD(CODIGO_CIUDAD,Nombre_Ciudad,Codigo_Region)
        VALUES(118, 'Peñalolen',7);
INSERT INTO OUTLET_CIUDAD(CODIGO_CIUDAD,Nombre_Ciudad,Codigo_Region)
        VALUES(119, 'Providencia',7);
INSERT INTO OUTLET_CIUDAD(CODIGO_CIUDAD,Nombre_Ciudad,Codigo_Region)
        VALUES(120, 'Pudahuel',7);
INSERT INTO OUTLET_CIUDAD(CODIGO_CIUDAD,Nombre_Ciudad,Codigo_Region)
        VALUES(121, 'Quilicura',7);
INSERT INTO OUTLET_CIUDAD(CODIGO_CIUDAD,Nombre_Ciudad,Codigo_Region)
        VALUES(122, 'Quinta Normal',7);
INSERT INTO OUTLET_CIUDAD(CODIGO_CIUDAD,Nombre_Ciudad,Codigo_Region)
        VALUES(123, 'Recoleta',7);
INSERT INTO OUTLET_CIUDAD(CODIGO_CIUDAD,Nombre_Ciudad,Codigo_Region)
        VALUES(124, 'Renca',7);
INSERT INTO OUTLET_CIUDAD(CODIGO_CIUDAD,Nombre_Ciudad,Codigo_Region)
        VALUES(125, 'San Miguel',7);
INSERT INTO OUTLET_CIUDAD(CODIGO_CIUDAD,Nombre_Ciudad,Codigo_Region)
        VALUES(126, 'San Joaquin',7);
INSERT INTO OUTLET_CIUDAD(CODIGO_CIUDAD,Nombre_Ciudad,Codigo_Region)
        VALUES(127, 'San Ramon',7);
INSERT INTO OUTLET_CIUDAD(CODIGO_CIUDAD,Nombre_Ciudad,Codigo_Region)
        VALUES(128, 'Santiago',7);
INSERT INTO OUTLET_CIUDAD(CODIGO_CIUDAD,Nombre_Ciudad,Codigo_Region)
        VALUES(129, 'Vitacura',7);

INSERT INTO OUTLET_CIUDAD(CODIGO_CIUDAD,Nombre_Ciudad,Codigo_Region)
        VALUES(130, 'El Monte',7);
INSERT INTO OUTLET_CIUDAD(CODIGO_CIUDAD,Nombre_Ciudad,Codigo_Region)
        VALUES(131, 'Isla de Maipo',7);
INSERT INTO OUTLET_CIUDAD(CODIGO_CIUDAD,Nombre_Ciudad,Codigo_Region)
        VALUES(132, 'Padre Hurtado',7);
INSERT INTO OUTLET_CIUDAD(CODIGO_CIUDAD,Nombre_Ciudad,Codigo_Region)
        VALUES(133, 'Peñaflor',7);
INSERT INTO OUTLET_CIUDAD(CODIGO_CIUDAD,Nombre_Ciudad,Codigo_Region)
        VALUES(134, 'Talagante',7);

--Ciudade para OHiggins
INSERT INTO OUTLET_CIUDAD(CODIGO_CIUDAD,Nombre_Ciudad,Codigo_Region)
        VALUES(135, 'Codegua',8);
INSERT INTO OUTLET_CIUDAD(CODIGO_CIUDAD,Nombre_Ciudad,Codigo_Region)
        VALUES(136, 'Coinco',8);
INSERT INTO OUTLET_CIUDAD(CODIGO_CIUDAD,Nombre_Ciudad,Codigo_Region)
        VALUES(137, 'Coltauco',8);
INSERT INTO OUTLET_CIUDAD(CODIGO_CIUDAD,Nombre_Ciudad,Codigo_Region)
        VALUES(138, 'Doñihue',8);
INSERT INTO OUTLET_CIUDAD(CODIGO_CIUDAD,Nombre_Ciudad,Codigo_Region)
        VALUES(139, 'Graneros',8);
INSERT INTO OUTLET_CIUDAD(CODIGO_CIUDAD,Nombre_Ciudad,Codigo_Region)
        VALUES(140, 'Las Cabras',8);
INSERT INTO OUTLET_CIUDAD(CODIGO_CIUDAD,Nombre_Ciudad,Codigo_Region)
        VALUES(141, 'Machali',8);
INSERT INTO OUTLET_CIUDAD(CODIGO_CIUDAD,Nombre_Ciudad,Codigo_Region)
        VALUES(142, 'Malloa',8);
INSERT INTO OUTLET_CIUDAD(CODIGO_CIUDAD,Nombre_Ciudad,Codigo_Region)
        VALUES(143, 'Mostazal',8);
INSERT INTO OUTLET_CIUDAD(CODIGO_CIUDAD,Nombre_Ciudad,Codigo_Region)
        VALUES(144, 'Olivar',8);
INSERT INTO OUTLET_CIUDAD(CODIGO_CIUDAD,Nombre_Ciudad,Codigo_Region)
        VALUES(145, 'Peumo',8);
INSERT INTO OUTLET_CIUDAD(CODIGO_CIUDAD,Nombre_Ciudad,Codigo_Region)
        VALUES(146, 'Pichidegua',8);
INSERT INTO OUTLET_CIUDAD(CODIGO_CIUDAD,Nombre_Ciudad,Codigo_Region)
        VALUES(147, 'Quinta de Tilcoco',8);
INSERT INTO OUTLET_CIUDAD(CODIGO_CIUDAD,Nombre_Ciudad,Codigo_Region)
        VALUES(148, 'Rancagua',8);
INSERT INTO OUTLET_CIUDAD(CODIGO_CIUDAD,Nombre_Ciudad,Codigo_Region)
        VALUES(149, 'Rengo',8);
INSERT INTO OUTLET_CIUDAD(CODIGO_CIUDAD,Nombre_Ciudad,Codigo_Region)
        VALUES(150, 'Requinoa',8);
INSERT INTO OUTLET_CIUDAD(CODIGO_CIUDAD,Nombre_Ciudad,Codigo_Region)
        VALUES(151, 'San Vicente de Tagua Tagua',8);
INSERT INTO OUTLET_CIUDAD(CODIGO_CIUDAD,Nombre_Ciudad,Codigo_Region)
        VALUES(152, 'La Estrella',8);
INSERT INTO OUTLET_CIUDAD(CODIGO_CIUDAD,Nombre_Ciudad,Codigo_Region)
        VALUES(153, 'Litueche',8);
INSERT INTO OUTLET_CIUDAD(CODIGO_CIUDAD,Nombre_Ciudad,Codigo_Region)
        VALUES(154, 'Marchigüe',8);
INSERT INTO OUTLET_CIUDAD(CODIGO_CIUDAD,Nombre_Ciudad,Codigo_Region)
        VALUES(155, 'Navidad',8);
INSERT INTO OUTLET_CIUDAD(CODIGO_CIUDAD,Nombre_Ciudad,Codigo_Region)
        VALUES(156, 'Paredones',8);
INSERT INTO OUTLET_CIUDAD(CODIGO_CIUDAD,Nombre_Ciudad,Codigo_Region)
        VALUES(157, 'Pichilemu',8);
INSERT INTO OUTLET_CIUDAD(CODIGO_CIUDAD,Nombre_Ciudad,Codigo_Region)
        VALUES(158, 'Chepica',8);
INSERT INTO OUTLET_CIUDAD(CODIGO_CIUDAD,Nombre_Ciudad,Codigo_Region)
        VALUES(159, 'Chimbarongo',8);
INSERT INTO OUTLET_CIUDAD(CODIGO_CIUDAD,Nombre_Ciudad,Codigo_Region)
        VALUES(160, 'Lolol',8);
INSERT INTO OUTLET_CIUDAD(CODIGO_CIUDAD,Nombre_Ciudad,Codigo_Region)
        VALUES(161, 'Nancagua',8);
INSERT INTO OUTLET_CIUDAD(CODIGO_CIUDAD,Nombre_Ciudad,Codigo_Region)
        VALUES(162, 'Palmilla',8);
INSERT INTO OUTLET_CIUDAD(CODIGO_CIUDAD,Nombre_Ciudad,Codigo_Region)
        VALUES(163, 'Peralillo',8);
INSERT INTO OUTLET_CIUDAD(CODIGO_CIUDAD,Nombre_Ciudad,Codigo_Region)
        VALUES(164, 'Placilla',8);
INSERT INTO OUTLET_CIUDAD(CODIGO_CIUDAD,Nombre_Ciudad,Codigo_Region)
        VALUES(165, 'Pumanque',8);
INSERT INTO OUTLET_CIUDAD(CODIGO_CIUDAD,Nombre_Ciudad,Codigo_Region)
        VALUES(166, 'San Fernando',8);
INSERT INTO OUTLET_CIUDAD(CODIGO_CIUDAD,Nombre_Ciudad,Codigo_Region)
        VALUES(167, 'Santa Cruz',8);

--Ciudade para la region del Maule
INSERT INTO OUTLET_CIUDAD(CODIGO_CIUDAD,Nombre_Ciudad,Codigo_Region)
        VALUES(168, 'Cauquenes',9);
INSERT INTO OUTLET_CIUDAD(CODIGO_CIUDAD,Nombre_Ciudad,Codigo_Region)
        VALUES(169, 'Chanco',9);
INSERT INTO OUTLET_CIUDAD(CODIGO_CIUDAD,Nombre_Ciudad,Codigo_Region)
        VALUES(170, 'Pelluhue',9);
INSERT INTO OUTLET_CIUDAD(CODIGO_CIUDAD,Nombre_Ciudad,Codigo_Region)
        VALUES(171, 'Curico',9);
INSERT INTO OUTLET_CIUDAD(CODIGO_CIUDAD,Nombre_Ciudad,Codigo_Region)
        VALUES(172, 'Hualañe',9);
INSERT INTO OUTLET_CIUDAD(CODIGO_CIUDAD,Nombre_Ciudad,Codigo_Region)
        VALUES(173, 'Licanten',9);
INSERT INTO OUTLET_CIUDAD(CODIGO_CIUDAD,Nombre_Ciudad,Codigo_Region)
        VALUES(174, 'Molina',9);
INSERT INTO OUTLET_CIUDAD(CODIGO_CIUDAD,Nombre_Ciudad,Codigo_Region)
        VALUES(347, 'Lontue',9);
INSERT INTO OUTLET_CIUDAD(CODIGO_CIUDAD,Nombre_Ciudad,Codigo_Region)
        VALUES(175, 'Rauco',9);
INSERT INTO OUTLET_CIUDAD(CODIGO_CIUDAD,Nombre_Ciudad,Codigo_Region)
        VALUES(176, 'Romeral',9);
INSERT INTO OUTLET_CIUDAD(CODIGO_CIUDAD,Nombre_Ciudad,Codigo_Region)
        VALUES(177, 'Sagrada Familia',9);
INSERT INTO OUTLET_CIUDAD(CODIGO_CIUDAD,Nombre_Ciudad,Codigo_Region)
        VALUES(178, 'Teno',9);
INSERT INTO OUTLET_CIUDAD(CODIGO_CIUDAD,Nombre_Ciudad,Codigo_Region)
        VALUES(179, 'Vichuquen',9);
INSERT INTO OUTLET_CIUDAD(CODIGO_CIUDAD,Nombre_Ciudad,Codigo_Region)
        VALUES(180, 'Colbun',9);
INSERT INTO OUTLET_CIUDAD(CODIGO_CIUDAD,Nombre_Ciudad,Codigo_Region)
        VALUES(181, 'Linares',9);
INSERT INTO OUTLET_CIUDAD(CODIGO_CIUDAD,Nombre_Ciudad,Codigo_Region)
        VALUES(182, 'Longavi',9);
INSERT INTO OUTLET_CIUDAD(CODIGO_CIUDAD,Nombre_Ciudad,Codigo_Region)
        VALUES(183, 'Parral',9);
INSERT INTO OUTLET_CIUDAD(CODIGO_CIUDAD,Nombre_Ciudad,Codigo_Region)
        VALUES(184, 'Retiro',9);
INSERT INTO OUTLET_CIUDAD(CODIGO_CIUDAD,Nombre_Ciudad,Codigo_Region)
        VALUES(185, 'San Javier',9);
INSERT INTO OUTLET_CIUDAD(CODIGO_CIUDAD,Nombre_Ciudad,Codigo_Region)
        VALUES(186, 'Villa Alegre',9);
INSERT INTO OUTLET_CIUDAD(CODIGO_CIUDAD,Nombre_Ciudad,Codigo_Region)
        VALUES(187, 'Yerbas Buenas',9);
INSERT INTO OUTLET_CIUDAD(CODIGO_CIUDAD,Nombre_Ciudad,Codigo_Region)
        VALUES(188, 'Constitucion',9);
INSERT INTO OUTLET_CIUDAD(CODIGO_CIUDAD,Nombre_Ciudad,Codigo_Region)
        VALUES(189, 'Curepto',9);
INSERT INTO OUTLET_CIUDAD(CODIGO_CIUDAD,Nombre_Ciudad,Codigo_Region)
        VALUES(190, 'Empedrado',9);
INSERT INTO OUTLET_CIUDAD(CODIGO_CIUDAD,Nombre_Ciudad,Codigo_Region)
        VALUES(191, 'Maule',9);
INSERT INTO OUTLET_CIUDAD(CODIGO_CIUDAD,Nombre_Ciudad,Codigo_Region)
        VALUES(192, 'Pelarco',9);
INSERT INTO OUTLET_CIUDAD(CODIGO_CIUDAD,Nombre_Ciudad,Codigo_Region)
        VALUES(193, 'Pencahue',9);
INSERT INTO OUTLET_CIUDAD(CODIGO_CIUDAD,Nombre_Ciudad,Codigo_Region)
        VALUES(194, 'Rio Claro',9);
INSERT INTO OUTLET_CIUDAD(CODIGO_CIUDAD,Nombre_Ciudad,Codigo_Region)
        VALUES(195, 'San Clemente',9);
INSERT INTO OUTLET_CIUDAD(CODIGO_CIUDAD,Nombre_Ciudad,Codigo_Region)
        VALUES(196, 'San Rafael',9);
INSERT INTO OUTLET_CIUDAD(CODIGO_CIUDAD,Nombre_Ciudad,Codigo_Region)
        VALUES(197, 'Talca',9);

--Ciudades para Ñuble
INSERT INTO OUTLET_CIUDAD(CODIGO_CIUDAD,Nombre_Ciudad,Codigo_Region)
        VALUES(198, 'Cobquecura',10);
INSERT INTO OUTLET_CIUDAD(CODIGO_CIUDAD,Nombre_Ciudad,Codigo_Region)
        VALUES(199, 'Coelemu',10);
INSERT INTO OUTLET_CIUDAD(CODIGO_CIUDAD,Nombre_Ciudad,Codigo_Region)
        VALUES(200, 'Ninhue',10);
INSERT INTO OUTLET_CIUDAD(CODIGO_CIUDAD,Nombre_Ciudad,Codigo_Region)
        VALUES(201, 'Portezuelo',10);
INSERT INTO OUTLET_CIUDAD(CODIGO_CIUDAD,Nombre_Ciudad,Codigo_Region)
        VALUES(202, 'Quirihue',10);
INSERT INTO OUTLET_CIUDAD(CODIGO_CIUDAD,Nombre_Ciudad,Codigo_Region)
        VALUES(203, 'Ranquil',10);
INSERT INTO OUTLET_CIUDAD(CODIGO_CIUDAD,Nombre_Ciudad,Codigo_Region)
        VALUES(204, 'Trehuaco',10);
INSERT INTO OUTLET_CIUDAD(CODIGO_CIUDAD,Nombre_Ciudad,Codigo_Region)
        VALUES(205, 'Bulnes',10);
INSERT INTO OUTLET_CIUDAD(CODIGO_CIUDAD,Nombre_Ciudad,Codigo_Region)
        VALUES(206, 'Chillan Viejo',10);
INSERT INTO OUTLET_CIUDAD(CODIGO_CIUDAD,Nombre_Ciudad,Codigo_Region)
        VALUES(207, 'Chillan',10);
INSERT INTO OUTLET_CIUDAD(CODIGO_CIUDAD,Nombre_Ciudad,Codigo_Region)
        VALUES(208, 'El Carmen',10);
INSERT INTO OUTLET_CIUDAD(CODIGO_CIUDAD,Nombre_Ciudad,Codigo_Region)
        VALUES(209, 'Pemuco',10);
INSERT INTO OUTLET_CIUDAD(CODIGO_CIUDAD,Nombre_Ciudad,Codigo_Region)
        VALUES(210, 'Pinto',10);
INSERT INTO OUTLET_CIUDAD(CODIGO_CIUDAD,Nombre_Ciudad,Codigo_Region)
        VALUES(211, 'Quillon',10);
INSERT INTO OUTLET_CIUDAD(CODIGO_CIUDAD,Nombre_Ciudad,Codigo_Region)
        VALUES(212, 'San Ignacio',10);
INSERT INTO OUTLET_CIUDAD(CODIGO_CIUDAD,Nombre_Ciudad,Codigo_Region)
        VALUES(213, 'Yungay',10);
INSERT INTO OUTLET_CIUDAD(CODIGO_CIUDAD,Nombre_Ciudad,Codigo_Region)
        VALUES(214, 'Coihueco',10);
INSERT INTO OUTLET_CIUDAD(CODIGO_CIUDAD,Nombre_Ciudad,Codigo_Region)
        VALUES(215, 'Ñiquen',10);
INSERT INTO OUTLET_CIUDAD(CODIGO_CIUDAD,Nombre_Ciudad,Codigo_Region)
        VALUES(216, 'San Carlos',10);
INSERT INTO OUTLET_CIUDAD(CODIGO_CIUDAD,Nombre_Ciudad,Codigo_Region)
        VALUES(217, 'San Fabian',10);
INSERT INTO OUTLET_CIUDAD(CODIGO_CIUDAD,Nombre_Ciudad,Codigo_Region)
        VALUES(218, 'San Nicolas',10);

--Ciudades para la region de Biobio
INSERT INTO OUTLET_CIUDAD(CODIGO_CIUDAD,Nombre_Ciudad,Codigo_Region)
        VALUES(219, 'Arauco',11);
INSERT INTO OUTLET_CIUDAD(CODIGO_CIUDAD,Nombre_Ciudad,Codigo_Region)
        VALUES(220, 'Cañete',11);
INSERT INTO OUTLET_CIUDAD(CODIGO_CIUDAD,Nombre_Ciudad,Codigo_Region)
        VALUES(221, 'Contulmo',11);
INSERT INTO OUTLET_CIUDAD(CODIGO_CIUDAD,Nombre_Ciudad,Codigo_Region)
        VALUES(222, 'Curanilahue',11);
INSERT INTO OUTLET_CIUDAD(CODIGO_CIUDAD,Nombre_Ciudad,Codigo_Region)
        VALUES(223, 'Lebu',11);
INSERT INTO OUTLET_CIUDAD(CODIGO_CIUDAD,Nombre_Ciudad,Codigo_Region)
        VALUES(224, 'Los alamos',11);
INSERT INTO OUTLET_CIUDAD(CODIGO_CIUDAD,Nombre_Ciudad,Codigo_Region)
        VALUES(225, 'Tirua',11);
INSERT INTO OUTLET_CIUDAD(CODIGO_CIUDAD,Nombre_Ciudad,Codigo_Region)
        VALUES(226, 'Alto Biobio',11);
INSERT INTO OUTLET_CIUDAD(CODIGO_CIUDAD,Nombre_Ciudad,Codigo_Region)
        VALUES(227, 'Antuco',11);
INSERT INTO OUTLET_CIUDAD(CODIGO_CIUDAD,Nombre_Ciudad,Codigo_Region)
        VALUES(228, 'Cabrero',11);
INSERT INTO OUTLET_CIUDAD(CODIGO_CIUDAD,Nombre_Ciudad,Codigo_Region)
        VALUES(229, 'Laja',11);
INSERT INTO OUTLET_CIUDAD(CODIGO_CIUDAD,Nombre_Ciudad,Codigo_Region)
        VALUES(230, 'Los angeles',11);
INSERT INTO OUTLET_CIUDAD(CODIGO_CIUDAD,Nombre_Ciudad,Codigo_Region)
        VALUES(231, 'Mulchen',11);
INSERT INTO OUTLET_CIUDAD(CODIGO_CIUDAD,Nombre_Ciudad,Codigo_Region)
        VALUES(232, 'Nacimiento',11);
INSERT INTO OUTLET_CIUDAD(CODIGO_CIUDAD,Nombre_Ciudad,Codigo_Region)
        VALUES(233, 'Negrete',11);
INSERT INTO OUTLET_CIUDAD(CODIGO_CIUDAD,Nombre_Ciudad,Codigo_Region)
        VALUES(234, 'Quilaco',11);
INSERT INTO OUTLET_CIUDAD(CODIGO_CIUDAD,Nombre_Ciudad,Codigo_Region)
        VALUES(235, 'Quilleco',11);
INSERT INTO OUTLET_CIUDAD(CODIGO_CIUDAD,Nombre_Ciudad,Codigo_Region)
        VALUES(236, 'San Rosendo',11);
INSERT INTO OUTLET_CIUDAD(CODIGO_CIUDAD,Nombre_Ciudad,Codigo_Region)
        VALUES(237, 'Santa Barbara',11);
INSERT INTO OUTLET_CIUDAD(CODIGO_CIUDAD,Nombre_Ciudad,Codigo_Region)
        VALUES(238, 'Tucapel',11);
INSERT INTO OUTLET_CIUDAD(CODIGO_CIUDAD,Nombre_Ciudad,Codigo_Region)
        VALUES(239, 'Yumbel',11);
INSERT INTO OUTLET_CIUDAD(CODIGO_CIUDAD,Nombre_Ciudad,Codigo_Region)
        VALUES(240, 'Chiguayante',11);
INSERT INTO OUTLET_CIUDAD(CODIGO_CIUDAD,Nombre_Ciudad,Codigo_Region)
        VALUES(241, 'Concepcion',11);
INSERT INTO OUTLET_CIUDAD(CODIGO_CIUDAD,Nombre_Ciudad,Codigo_Region)
        VALUES(242, 'Coronel',11);
INSERT INTO OUTLET_CIUDAD(CODIGO_CIUDAD,Nombre_Ciudad,Codigo_Region)
        VALUES(243, 'Florida',11);
INSERT INTO OUTLET_CIUDAD(CODIGO_CIUDAD,Nombre_Ciudad,Codigo_Region)
        VALUES(244, 'Hualpen',11);
INSERT INTO OUTLET_CIUDAD(CODIGO_CIUDAD,Nombre_Ciudad,Codigo_Region)
        VALUES(245, 'Hualqui',11);
INSERT INTO OUTLET_CIUDAD(CODIGO_CIUDAD,Nombre_Ciudad,Codigo_Region)
        VALUES(246, 'Lota',11);
INSERT INTO OUTLET_CIUDAD(CODIGO_CIUDAD,Nombre_Ciudad,Codigo_Region)
        VALUES(247, 'Penco',11);
INSERT INTO OUTLET_CIUDAD(CODIGO_CIUDAD,Nombre_Ciudad,Codigo_Region)
        VALUES(248, 'San Pedro de la Paz',11);
INSERT INTO OUTLET_CIUDAD(CODIGO_CIUDAD,Nombre_Ciudad,Codigo_Region)
        VALUES(249, 'Santa Juana',11);
INSERT INTO OUTLET_CIUDAD(CODIGO_CIUDAD,Nombre_Ciudad,Codigo_Region)
        VALUES(250, 'Talcahuano',11);
INSERT INTO OUTLET_CIUDAD(CODIGO_CIUDAD,Nombre_Ciudad,Codigo_Region)
        VALUES(251, 'Tome',11);

--Ciudades de La Araucania
INSERT INTO OUTLET_CIUDAD(CODIGO_CIUDAD,Nombre_Ciudad,Codigo_Region)
        VALUES(252, 'Carahue',12);
INSERT INTO OUTLET_CIUDAD(CODIGO_CIUDAD,Nombre_Ciudad,Codigo_Region)
        VALUES(253, 'Cholchol',12);
INSERT INTO OUTLET_CIUDAD(CODIGO_CIUDAD,Nombre_Ciudad,Codigo_Region)
        VALUES(254, 'Cunco',12);
INSERT INTO OUTLET_CIUDAD(CODIGO_CIUDAD,Nombre_Ciudad,Codigo_Region)
        VALUES(255, 'Curarrehue',12);
INSERT INTO OUTLET_CIUDAD(CODIGO_CIUDAD,Nombre_Ciudad,Codigo_Region)
        VALUES(256, 'Freire',12);
INSERT INTO OUTLET_CIUDAD(CODIGO_CIUDAD,Nombre_Ciudad,Codigo_Region)
        VALUES(257, 'Galvarino',12);
INSERT INTO OUTLET_CIUDAD(CODIGO_CIUDAD,Nombre_Ciudad,Codigo_Region)
        VALUES(258, 'Gorbea',12);
INSERT INTO OUTLET_CIUDAD(CODIGO_CIUDAD,Nombre_Ciudad,Codigo_Region)
        VALUES(259, 'Lautaro',12);
INSERT INTO OUTLET_CIUDAD(CODIGO_CIUDAD,Nombre_Ciudad,Codigo_Region)
        VALUES(260, 'Loncoche',12);
INSERT INTO OUTLET_CIUDAD(CODIGO_CIUDAD,Nombre_Ciudad,Codigo_Region)
        VALUES(261, 'Melipeuco',12);
INSERT INTO OUTLET_CIUDAD(CODIGO_CIUDAD,Nombre_Ciudad,Codigo_Region)
        VALUES(262, 'Nueva Imperial',12);
INSERT INTO OUTLET_CIUDAD(CODIGO_CIUDAD,Nombre_Ciudad,Codigo_Region)
        VALUES(263, 'Padre Las Casas',12);
INSERT INTO OUTLET_CIUDAD(CODIGO_CIUDAD,Nombre_Ciudad,Codigo_Region)
        VALUES(264, 'Perquenco',12);
INSERT INTO OUTLET_CIUDAD(CODIGO_CIUDAD,Nombre_Ciudad,Codigo_Region)
        VALUES(265, 'Pitrufquen',12);
INSERT INTO OUTLET_CIUDAD(CODIGO_CIUDAD,Nombre_Ciudad,Codigo_Region)
        VALUES(266, 'Pucon',12);
INSERT INTO OUTLET_CIUDAD(CODIGO_CIUDAD,Nombre_Ciudad,Codigo_Region)
        VALUES(267, 'Puerto Saavedra',12);
INSERT INTO OUTLET_CIUDAD(CODIGO_CIUDAD,Nombre_Ciudad,Codigo_Region)
        VALUES(268, 'Temuco',12);
INSERT INTO OUTLET_CIUDAD(CODIGO_CIUDAD,Nombre_Ciudad,Codigo_Region)
        VALUES(269, 'Teodoro Schmidt',12);
INSERT INTO OUTLET_CIUDAD(CODIGO_CIUDAD,Nombre_Ciudad,Codigo_Region)
        VALUES(270, 'Tolten',12);
INSERT INTO OUTLET_CIUDAD(CODIGO_CIUDAD,Nombre_Ciudad,Codigo_Region)
        VALUES(271, 'Vilcun',12);
INSERT INTO OUTLET_CIUDAD(CODIGO_CIUDAD,Nombre_Ciudad,Codigo_Region)
        VALUES(272, 'Villarrica',12);
INSERT INTO OUTLET_CIUDAD(CODIGO_CIUDAD,Nombre_Ciudad,Codigo_Region)
        VALUES(273, 'Angol',12);
INSERT INTO OUTLET_CIUDAD(CODIGO_CIUDAD,Nombre_Ciudad,Codigo_Region)
        VALUES(274, 'Collipulli',12);
INSERT INTO OUTLET_CIUDAD(CODIGO_CIUDAD,Nombre_Ciudad,Codigo_Region)
        VALUES(275, 'Curacautin',12);
INSERT INTO OUTLET_CIUDAD(CODIGO_CIUDAD,Nombre_Ciudad,Codigo_Region)
        VALUES(276, 'Ercilla',12);
INSERT INTO OUTLET_CIUDAD(CODIGO_CIUDAD,Nombre_Ciudad,Codigo_Region)
        VALUES(277, 'Lonquimay',12);
INSERT INTO OUTLET_CIUDAD(CODIGO_CIUDAD,Nombre_Ciudad,Codigo_Region)
        VALUES(278, 'Los Sauces',12);
INSERT INTO OUTLET_CIUDAD(CODIGO_CIUDAD,Nombre_Ciudad,Codigo_Region)
        VALUES(279, 'Lumaco',12);
INSERT INTO OUTLET_CIUDAD(CODIGO_CIUDAD,Nombre_Ciudad,Codigo_Region)
        VALUES(280, 'Puren',12);
INSERT INTO OUTLET_CIUDAD(CODIGO_CIUDAD,Nombre_Ciudad,Codigo_Region)
        VALUES(281, 'Renaico',12);
INSERT INTO OUTLET_CIUDAD(CODIGO_CIUDAD,Nombre_Ciudad,Codigo_Region)
        VALUES(282, 'Traiguen',12);
INSERT INTO OUTLET_CIUDAD(CODIGO_CIUDAD,Nombre_Ciudad,Codigo_Region)
        VALUES(283, 'Victoria',12);

--Ciudades para Los Rios
INSERT INTO OUTLET_CIUDAD(CODIGO_CIUDAD,Nombre_Ciudad,Codigo_Region)
        VALUES(284, 'Mariquina',13);
INSERT INTO OUTLET_CIUDAD(CODIGO_CIUDAD,Nombre_Ciudad,Codigo_Region)
        VALUES(285, 'Lanco',13);
INSERT INTO OUTLET_CIUDAD(CODIGO_CIUDAD,Nombre_Ciudad,Codigo_Region)
        VALUES(286, 'Mafil',13);
INSERT INTO OUTLET_CIUDAD(CODIGO_CIUDAD,Nombre_Ciudad,Codigo_Region)
        VALUES(287, 'Valdivia',13);
INSERT INTO OUTLET_CIUDAD(CODIGO_CIUDAD,Nombre_Ciudad,Codigo_Region)
        VALUES(288, 'Corral',13);
INSERT INTO OUTLET_CIUDAD(CODIGO_CIUDAD,Nombre_Ciudad,Codigo_Region)
        VALUES(289, 'Paillaco',13);
INSERT INTO OUTLET_CIUDAD(CODIGO_CIUDAD,Nombre_Ciudad,Codigo_Region)
        VALUES(290, 'Los Lagos',13);
INSERT INTO OUTLET_CIUDAD(CODIGO_CIUDAD,Nombre_Ciudad,Codigo_Region)
        VALUES(291, 'Panguipulli',13);
INSERT INTO OUTLET_CIUDAD(CODIGO_CIUDAD,Nombre_Ciudad,Codigo_Region)
        VALUES(292, 'La Union',13);
INSERT INTO OUTLET_CIUDAD(CODIGO_CIUDAD,Nombre_Ciudad,Codigo_Region)
        VALUES(293, 'Rio Bueno',13);
INSERT INTO OUTLET_CIUDAD(CODIGO_CIUDAD,Nombre_Ciudad,Codigo_Region)
        VALUES(294, 'Lago Ranco',13);
INSERT INTO OUTLET_CIUDAD(CODIGO_CIUDAD,Nombre_Ciudad,Codigo_Region)
        VALUES(295, 'Futrono',13);


--Ciudades para Los Lagos
INSERT INTO OUTLET_CIUDAD(CODIGO_CIUDAD,Nombre_Ciudad,Codigo_Region)
        VALUES(296, 'Ancud',14);
INSERT INTO OUTLET_CIUDAD(CODIGO_CIUDAD,Nombre_Ciudad,Codigo_Region)
        VALUES(297, 'Castro',14);
INSERT INTO OUTLET_CIUDAD(CODIGO_CIUDAD,Nombre_Ciudad,Codigo_Region)
        VALUES(298, 'Chonchi',14);
INSERT INTO OUTLET_CIUDAD(CODIGO_CIUDAD,Nombre_Ciudad,Codigo_Region)
        VALUES(299, 'Curaco de Velez',14);
INSERT INTO OUTLET_CIUDAD(CODIGO_CIUDAD,Nombre_Ciudad,Codigo_Region)
        VALUES(300, 'Dalcahue',14);
INSERT INTO OUTLET_CIUDAD(CODIGO_CIUDAD,Nombre_Ciudad,Codigo_Region)
        VALUES(301, 'Puqueldon',14);
INSERT INTO OUTLET_CIUDAD(CODIGO_CIUDAD,Nombre_Ciudad,Codigo_Region)
        VALUES(302, 'Queilen',14);
INSERT INTO OUTLET_CIUDAD(CODIGO_CIUDAD,Nombre_Ciudad,Codigo_Region)
        VALUES(303, 'Quemchi',14);
INSERT INTO OUTLET_CIUDAD(CODIGO_CIUDAD,Nombre_Ciudad,Codigo_Region)
        VALUES(304, 'Quellon',14);
INSERT INTO OUTLET_CIUDAD(CODIGO_CIUDAD,Nombre_Ciudad,Codigo_Region)
        VALUES(305, 'Quinchao',14);
INSERT INTO OUTLET_CIUDAD(CODIGO_CIUDAD,Nombre_Ciudad,Codigo_Region)
        VALUES(306, 'Calbuco',14);
INSERT INTO OUTLET_CIUDAD(CODIGO_CIUDAD,Nombre_Ciudad,Codigo_Region)
        VALUES(307, 'Cochamo',14);
INSERT INTO OUTLET_CIUDAD(CODIGO_CIUDAD,Nombre_Ciudad,Codigo_Region)
        VALUES(308, 'Fresia',14);
INSERT INTO OUTLET_CIUDAD(CODIGO_CIUDAD,Nombre_Ciudad,Codigo_Region)
        VALUES(309, 'Frutillar',14);
INSERT INTO OUTLET_CIUDAD(CODIGO_CIUDAD,Nombre_Ciudad,Codigo_Region)
        VALUES(310, 'Llanquihue',14);
INSERT INTO OUTLET_CIUDAD(CODIGO_CIUDAD,Nombre_Ciudad,Codigo_Region)
        VALUES(311, 'Los Muermos',14);
INSERT INTO OUTLET_CIUDAD(CODIGO_CIUDAD,Nombre_Ciudad,Codigo_Region)
        VALUES(312, 'Maullin',14);
INSERT INTO OUTLET_CIUDAD(CODIGO_CIUDAD,Nombre_Ciudad,Codigo_Region)
        VALUES(313, 'Puerto Montt',14);
INSERT INTO OUTLET_CIUDAD(CODIGO_CIUDAD,Nombre_Ciudad,Codigo_Region)
        VALUES(314, 'Puerto Varas',14);
INSERT INTO OUTLET_CIUDAD(CODIGO_CIUDAD,Nombre_Ciudad,Codigo_Region)
        VALUES(315, 'Osorno',14);
INSERT INTO OUTLET_CIUDAD(CODIGO_CIUDAD,Nombre_Ciudad,Codigo_Region)
        VALUES(316, 'Puerto Octay',14);
INSERT INTO OUTLET_CIUDAD(CODIGO_CIUDAD,Nombre_Ciudad,Codigo_Region)
        VALUES(317, 'Purranque',14);
INSERT INTO OUTLET_CIUDAD(CODIGO_CIUDAD,Nombre_Ciudad,Codigo_Region)
        VALUES(318, 'Puyehue',14);
INSERT INTO OUTLET_CIUDAD(CODIGO_CIUDAD,Nombre_Ciudad,Codigo_Region)
        VALUES(319, 'Rio Negro',14);
INSERT INTO OUTLET_CIUDAD(CODIGO_CIUDAD,Nombre_Ciudad,Codigo_Region)
        VALUES(320, 'San Juan de la Costa',14);
INSERT INTO OUTLET_CIUDAD(CODIGO_CIUDAD,Nombre_Ciudad,Codigo_Region)
        VALUES(321, 'San Pablo',14);
INSERT INTO OUTLET_CIUDAD(CODIGO_CIUDAD,Nombre_Ciudad,Codigo_Region)
        VALUES(322, 'Chaiten',14);
INSERT INTO OUTLET_CIUDAD(CODIGO_CIUDAD,Nombre_Ciudad,Codigo_Region)
        VALUES(323, 'Futaleufu',14);
INSERT INTO OUTLET_CIUDAD(CODIGO_CIUDAD,Nombre_Ciudad,Codigo_Region)
        VALUES(324, 'Hualaihue',14);
INSERT INTO OUTLET_CIUDAD(CODIGO_CIUDAD,Nombre_Ciudad,Codigo_Region)
        VALUES(325, 'Palena',14);

--Ciudades para Aysem
INSERT INTO OUTLET_CIUDAD(CODIGO_CIUDAD,Nombre_Ciudad,Codigo_Region)
        VALUES(326, 'Cisnes',15);
INSERT INTO OUTLET_CIUDAD(CODIGO_CIUDAD,Nombre_Ciudad,Codigo_Region)
        VALUES(327, 'Guaitecas',15);
INSERT INTO OUTLET_CIUDAD(CODIGO_CIUDAD,Nombre_Ciudad,Codigo_Region)
        VALUES(328, 'Aysen',15);
INSERT INTO OUTLET_CIUDAD(CODIGO_CIUDAD,Nombre_Ciudad,Codigo_Region)
        VALUES(329, 'Cochrane',15);
INSERT INTO OUTLET_CIUDAD(CODIGO_CIUDAD,Nombre_Ciudad,Codigo_Region)
        VALUES(330, 'OHiggins',15);
INSERT INTO OUTLET_CIUDAD(CODIGO_CIUDAD,Nombre_Ciudad,Codigo_Region)
        VALUES(331, 'Tortel',15);
INSERT INTO OUTLET_CIUDAD(CODIGO_CIUDAD,Nombre_Ciudad,Codigo_Region)
        VALUES(332, 'Coyhaique',15);
INSERT INTO OUTLET_CIUDAD(CODIGO_CIUDAD,Nombre_Ciudad,Codigo_Region)
        VALUES(333, 'Lago Verde',15);
INSERT INTO OUTLET_CIUDAD(CODIGO_CIUDAD,Nombre_Ciudad,Codigo_Region)
        VALUES(334, 'Chile Chico',15);
INSERT INTO OUTLET_CIUDAD(CODIGO_CIUDAD,Nombre_Ciudad,Codigo_Region)
        VALUES(335, 'Rio Ibañez',15);

--Ciudades para Magallanes
INSERT INTO OUTLET_CIUDAD(CODIGO_CIUDAD,Nombre_Ciudad,Codigo_Region)
        VALUES(336, 'Antartica',16);
INSERT INTO OUTLET_CIUDAD(CODIGO_CIUDAD,Nombre_Ciudad,Codigo_Region)
        VALUES(337, 'Cabo de Hornos',16);
INSERT INTO OUTLET_CIUDAD(CODIGO_CIUDAD,Nombre_Ciudad,Codigo_Region)
        VALUES(338, 'Laguna Blanca',16);
INSERT INTO OUTLET_CIUDAD(CODIGO_CIUDAD,Nombre_Ciudad,Codigo_Region)
        VALUES(339, 'Punta Arenas',16);
INSERT INTO OUTLET_CIUDAD(CODIGO_CIUDAD,Nombre_Ciudad,Codigo_Region)
        VALUES(340, 'Rio Verde',16);
INSERT INTO OUTLET_CIUDAD(CODIGO_CIUDAD,Nombre_Ciudad,Codigo_Region)
        VALUES(341, 'San Gregorio',16);
INSERT INTO OUTLET_CIUDAD(CODIGO_CIUDAD,Nombre_Ciudad,Codigo_Region)
        VALUES(342, 'Porvenir',16);
INSERT INTO OUTLET_CIUDAD(CODIGO_CIUDAD,Nombre_Ciudad,Codigo_Region)
        VALUES(343, 'Primavera',16);
INSERT INTO OUTLET_CIUDAD(CODIGO_CIUDAD,Nombre_Ciudad,Codigo_Region)
        VALUES(344, 'Timaukel',16);
INSERT INTO OUTLET_CIUDAD(CODIGO_CIUDAD,Nombre_Ciudad,Codigo_Region)
        VALUES(345, 'Natales',16);
INSERT INTO OUTLET_CIUDAD(CODIGO_CIUDAD,Nombre_Ciudad,Codigo_Region)
        VALUES(346, 'Torres del Paine',16);



INSERT INTO OUTLET_Direccion(CODIGO_DIRECCION,NOMBRE_CALLE,NUMERO_DIRECCION,CODIGO_CIUDAD)    
        VALUES(0,'Los Laureles',60,347); 

INSERT INTO OUTLET_CLIENTE(CODIGO_CLIENTE,TELEFONO_CLIENTE,NOMBRE_CLIENTE,CODIGO_DIRECCION)
        VALUES(0,0,'OUTLET A TU HOGAR',0);
